"VehicleID","CustomerID","RegistrationNumber","VehicleMake","VehicleModel","DateCreated"
1,1,"KL01BC6866","Maruti Suzuki","Zen Estilo",26-7-2025 12:01:09
2,2,"KL23G9001","Maruti Suzuki","Swift Dzire",26-7-2025 12:01:34
3,3,"KL61E1552","Toyota","Etios",26-7-2025 12:01:34
4,4,"KL23J7555","Maruti Suzuki","Alto",26-7-2025 12:01:34
5,4,"KL77B6077","Maruti Suzuki","Alto 800",26-7-2025 12:01:34
6,5,"KL246745","Maruti Suzuki","Alto",26-7-2025 12:01:34
7,6,"KL01BP5405","Volkswagen","Polo",26-7-2025 12:01:34
8,7,"KL29K1574","Maruti Suzuki","Wagon R",26-7-2025 12:01:34
9,8,"KL36A0099","Ford","Fiesta",26-7-2025 12:01:34
10,9,"KL09U3009","Hyundai","Santro",26-7-2025 12:01:34
11,9,"KL23M4123","Volkswagen","Ameo",26-7-2025 12:01:34
12,10,"KL07BK1991","Maruti Suzuki","Swift Dzire",26-7-2025 12:01:34
13,11,"KL35C4288","Maruti Suzuki","Ritz",26-7-2025 12:01:34
14,12,"KA51MA2508","Fiat","Punto",26-7-2025 12:01:34
15,13,"KL02Z6468","Maruti Suzuki","Alto",26-7-2025 12:01:34
16,14,"KL31K3839","Mahindra","Thar",26-7-2025 12:01:34
17,15,"KL01BS1272","Mahindra","Xylo",26-7-2025 12:01:34
18,16,"KL05AN2753","Maruti Suzuki","Swift Dzire",26-7-2025 12:01:34
19,16,"KL13AT5511","Toyota","Camry",26-7-2025 12:01:34
20,16,"KL23E9814","Toyota","Innova",26-7-2025 12:01:34
21,17,"KL29D4183","Maruti Suzuki","Swift",26-7-2025 12:01:34
22,18,"KL23N8124","Maruti Suzuki","Wagon R",26-7-2025 12:01:34
23,19,"KL39H5098","Hyundai","Verna Fluidic",26-7-2025 12:01:34
24,20,"KL23P3068","Toyota","Etios",26-7-2025 12:01:34
25,21,"KL16S8429","Nissan","Micra",26-7-2025 12:01:34
26,22,"MH03AZ3553","Honda","Accord",26-7-2025 12:01:34
27,23,"KL23M3008","Renault","Kwid",26-7-2025 12:01:34
28,24,"KL23N2979","Maruti Suzuki","Ignis",26-7-2025 12:01:34
29,25,"KL23M3456","Mahindra","Xuv 500",26-7-2025 12:01:34
30,26,"KL398443","Maruti Suzuki","Swift",26-7-2025 12:01:34
31,27,"HR29AU6232","Honda","Amaze",26-7-2025 12:01:34
32,28,"KL23V4662","Bmw","Bmw",26-7-2025 12:01:34
33,29,"TN12H0774","Hyundai","Grand I10",26-7-2025 12:01:34
34,30,"KL02BG7757","Hyundai","Eon",26-7-2025 12:01:34
35,31,"KL61C9106","Mahindra","Xuv 500",26-7-2025 12:01:34
36,32,"KL31F7026","Chevrolet","Enjoy",26-7-2025 12:01:34
37,33,"KL23K8441","Hyundai","I20",26-7-2025 12:01:34
38,34,"KL21V8487","Maruti Suzuki","Swift",26-7-2025 12:01:34
39,35,"DL9CT2221","Chevrolet","Cruze",26-7-2025 12:01:34
40,36,"KL23G7057","Chevrolet","Beat",26-7-2025 12:01:34
41,36,"KL40D2782","Chevrolet","Spark",26-7-2025 12:01:34
42,37,"KL23A3571","Hyundai","I10",26-7-2025 12:01:34
43,38,"KL01CJ7077","Volkswagen","Polo",26-7-2025 12:01:34
44,38,"KL07BR6999","Volkswagen","Polo",26-7-2025 12:01:34
45,39,"KL42M3861","Maruti Suzuki","Eeco",26-7-2025 12:01:34
46,40,"KL613313","Maruti Suzuki","Wagon R",26-7-2025 12:01:34
47,40,"KL23Q8833","Mahindra","Tuv 300",26-7-2025 12:01:34
48,41,"KL33F6030","Hyundai","Verna",26-7-2025 12:01:34
49,42,"KL01BE8584","Maruti Suzuki","Wagon R",26-7-2025 12:01:34
50,43,"WB06J3841","Toyota","Corolla Altis",26-7-2025 12:01:34
51,44,"KL04Z4174","Maruti Suzuki","Ritz",26-7-2025 12:01:34
52,45,"KL61B2762","Honda","City",26-7-2025 12:01:34
53,46,"KL23G1897","Maruti Suzuki","Swift Dzire",26-7-2025 12:01:34
54,47,"KL30E6752","Tata","Nano",26-7-2025 12:01:34
55,48,"KL29H3400","Maruti Suzuki","Swift Dzire",26-7-2025 12:01:34
56,48,"KL25B4688","Ford","Figo",26-7-2025 12:01:34
57,49,"KL31H6479","Maruti Suzuki","Ertiga",26-7-2025 12:01:34
58,49,"KL01AX7730","Chevrolet","Tavera",26-7-2025 12:01:34
59,50,"KL65H1905","Toyota","Innova",26-7-2025 12:01:34
60,51,"KL31J1239","Hyundai","Grand I10",26-7-2025 12:01:34
61,52,"KL23P6996","Maruti Suzuki","Baleno",26-7-2025 12:01:34
62,53,"KL23N4005","Honda","Jazz",26-7-2025 12:01:34
63,54,"KL31N1117","Maruti Suzuki","Wagon R",26-7-2025 12:01:34
64,55,"KL23K0014","Honda","City",26-7-2025 12:01:34
65,56,"KL24F3533","Maruti Suzuki","Swift",26-7-2025 12:01:34
66,57,"KL23C3532","Maruti Suzuki","Swift Dzire",26-7-2025 12:01:34
67,58,"KL07BK4994","Mahindra","Xylo",26-7-2025 12:01:34
68,59,"KL30A3400","Tata","Indica Vista",26-7-2025 12:01:34
69,60,"KL07BZ6213","Nissan","Micra",26-7-2025 12:01:34
70,61,"KL02AG6222","Toyota","Innova",26-7-2025 12:01:34
71,62,"KL04P1017","Maruti Suzuki","Zen",26-7-2025 12:01:34
72,63,"HR35M5695","Toyota","Innova",26-7-2025 12:01:34
73,63,"KL23X1293","Toyota","Innova",26-7-2025 12:01:34
74,64,"KL23B5221","Maruti Suzuki","Alto",26-7-2025 12:01:34
75,65,"KL23N4445","Maruti Suzuki","Swift",26-7-2025 12:01:34
76,66,"KL52C1222","Toyota","Corolla Altis",26-7-2025 12:01:34
77,67,"KL23G7742","Hyundai","Santro Xing",26-7-2025 12:01:34
78,68,"KL23L6437","Maruti Suzuki","Eeco",26-7-2025 12:01:34
79,69,"KL297161","Maruti Suzuki","Alto",26-7-2025 12:01:34
80,70,"KL01BC2846","Maruti Suzuki","Ritz",26-7-2025 12:01:34
81,71,"KL25A6001","Ford","Fiesta",26-7-2025 12:01:34
82,72,"KL02BA0779","Maruti Suzuki","Swift",26-7-2025 12:01:34
83,73,"KL23R1272","Maruti Suzuki","Swift",26-7-2025 12:01:34
84,73,"KL22J1195","Nissan","Micra",26-7-2025 12:01:34
85,74,"KL04AH7312","Maruti Suzuki","Swift",26-7-2025 12:01:34
86,75,"KL23N696","Renault","Duster",26-7-2025 12:01:34
87,76,"KL07BF7089","Toyota","Corolla",26-7-2025 12:01:34
88,77,"KL02AD5211","Maruti Suzuki","Ritz",26-7-2025 12:01:34
89,78,"KL42V0534","Nissan","Evalia",26-7-2025 12:01:34
90,79,"KL02M7598","Maruti Suzuki","Omini",26-7-2025 12:01:34
91,79,"KL23C6060","Maruti Suzuki","Swift Dzire",26-7-2025 12:01:34
92,79,"KL21F2372","Chevrolet","Beat",26-7-2025 12:01:34
93,80,"KL29H1606","Maruti Suzuki","Omni",26-7-2025 12:01:34
94,81,"KL61D0767","Maruti Suzuki","Wagon R",26-7-2025 12:01:34
95,82,"KL60K8822","Maruti Suzuki","Baleno",26-7-2025 12:01:34
96,83,"KL02BT9005","Toyota","Innova",26-7-2025 12:01:34
97,83,"UP14DT1001","Toyota","Innova",26-7-2025 12:01:34
98,84,"KL31D3117","Ford","Fiesta",26-7-2025 12:01:34
99,85,"KL52Q1772","Honda","City",26-7-2025 12:01:34
100,86,"HR26BR0060","Bmw","Bmw",26-7-2025 12:01:34
101,86,"KL43D8081","Ashok Leyland","Dost",26-7-2025 12:01:34
102,87,"KL22B2129","Mahindra","Scorpio",26-7-2025 12:01:34
103,88,"KL07CF6562","Tata","Nano",26-7-2025 12:01:34
104,89,"KL23Q5155","Honda","Amaze",26-7-2025 12:01:34
105,90,"KL23L0950","Nissan","Micra",26-7-2025 12:01:34
106,91,"KL01BT6217","Toyota","Etios Liva",26-7-2025 12:01:34
107,92,"DL10CK4259","Toyota","Innova Crysta",26-7-2025 12:01:34
108,93,"KL25J4104","Datsun","Datsun Go",26-7-2025 12:01:34
109,94,"KL07BN2040","Maruti Suzuki","Swift Dzire",26-7-2025 12:01:34
110,95,"KL43J4852","Volkswagen","Polo",26-7-2025 12:01:34
111,96,"KL06G0990","Nissan","Sunny",26-7-2025 12:01:34
112,97,"KL30E7523","Maruti Suzuki","Swift",26-7-2025 12:01:34
113,97,"KL277000","Skoda","Laura",26-7-2025 12:01:34
114,98,"KL10W4626","Skoda","Octavia",26-7-2025 12:01:34
115,99,"KL31E3822","Ford","Fiesta",26-7-2025 12:01:34
116,100,"DL8CL4947","Mercedes","Benz",26-7-2025 12:01:34
117,100,"PY01AX7101","Mercedes","Benz",26-7-2025 12:01:34
118,101,"KL02Q5758","Honda","City",26-7-2025 12:01:34
119,102,"KL61F6600","Mahindra","Xuv 300",26-7-2025 12:01:34
120,103,"KL04G7071","Maruti Suzuki","800",26-7-2025 12:01:34
121,104,"KL23H0119","Maruti Suzuki","Swift",26-7-2025 12:01:34
122,105,"KL23D2866","Maruti Suzuki","Swift",26-7-2025 12:01:34
123,106,"KL23D8072","Maruti Suzuki","Swift",26-7-2025 12:01:34
124,107,"KL18AB9754","Maruti Suzuki","Ertiga",26-7-2025 12:01:34
125,107,"KL01CM3815","Renault","Triber",26-7-2025 12:01:34
126,107,"KL08BM3815","Tata","Tiago",26-7-2025 12:01:34
127,108,"KL26H1609","Maruti Suzuki","Alto 800",26-7-2025 12:01:34
128,109,"KL23Q6235","Hyundai","Eon",26-7-2025 12:01:34
129,110,"KL31F3203","Maruti Suzuki","Swift",26-7-2025 12:01:34
130,111,"KL33B9018","Ford","Figo",26-7-2025 12:01:34
131,112,"KL61A5556","Nissan","Sunny",26-7-2025 12:01:34
132,113,"KL23B4040","Maruti Suzuki","Swift",26-7-2025 12:01:34
133,114,"KL01U9209","Hyundai","Santro",26-7-2025 12:01:34
134,115,"KL02AA2031","Ford","Fiesta",26-7-2025 12:01:34
135,116,"KL61A6778","Volkswagen","Vento",26-7-2025 12:01:34
137,117,"KL23P1828","Maruti Suzuki","Baleno",26-7-2025 12:01:34
138,118,"KL43Q6740","Mahindra","Bolero",26-7-2025 12:01:34
139,119,"KL38A7771","Ford","Figo",26-7-2025 12:01:34
140,120,"KL23B6909","Maruti Suzuki","Ritz",26-7-2025 12:01:34
141,120,"KL05AJ0868","Toyota","Innova",26-7-2025 12:01:34
142,120,"KL16J7774","Chevrolet","Cruze",26-7-2025 12:01:34
143,121,"KL29D4343","Maruti Suzuki","Sx4",26-7-2025 12:01:34
144,122,"KL29R2131","Hyundai","Verna",26-7-2025 12:01:34
145,123,"KL23L3551","Maruti Suzuki","Wagon R",26-7-2025 12:01:34
146,124,"KL31E3600","Maruti Suzuki","Ertiga",26-7-2025 12:01:34
147,125,"KL07AW8000","Hyundai","Santro",26-7-2025 12:01:34
148,126,"KL32B4056","Maruti Suzuki","Wagon R",26-7-2025 12:01:34
149,127,"KL23V8866","Toyota","Fortuner",26-7-2025 12:01:34
150,128,"KL23B9309","Maruti Suzuki","Alto",26-7-2025 12:01:34
151,128,"KL24R7557","Toyota","Etios",26-7-2025 12:01:34
152,129,"KL09X0400","Chevrolet","Tavera",26-7-2025 12:01:34
153,130,"KL33P1082","Toyota","Innova",26-7-2025 12:01:34
154,131,"KL05Z6620","Maruti Suzuki","Alto",26-7-2025 12:01:34
155,132,"KL23C7646","Maruti Suzuki","Swift",26-7-2025 12:01:34
156,133,"KL22A8787","Honda","Jazz",26-7-2025 12:01:34
157,134,"KL23N7123","Hyundai","I20",26-7-2025 12:01:34
158,134,"KL23N0091","Toyota","Innova Crysta",26-7-2025 12:01:34
159,135,"KL26A4411","Maruti Suzuki","Swift Dzire",26-7-2025 12:01:34
160,136,"KL29G7355","Nissan","Sunny",26-7-2025 12:01:34
161,137,"KL31C0657","Maruti Suzuki","800",26-7-2025 12:01:34
162,138,"KL01AJ6223","Maruti Suzuki","Swift",26-7-2025 12:01:34
163,138,"KL02AC7171","Maruti Suzuki","Swift",26-7-2025 12:01:34
164,138,"KL23R1389","Maruti Suzuki","Swift",26-7-2025 12:01:34
165,138,"KL23B6224","Maruti Suzuki","Alto",26-7-2025 12:01:34
166,138,"KL23L6099","Maruti Suzuki","Wagon R",26-7-2025 12:01:34
167,138,"KL23N8003","Maruti Suzuki","Swift Dzire",26-7-2025 12:01:34
168,138,"KL29H7497","Maruti Suzuki","Wagon R",26-7-2025 12:01:34
169,139,"KL29E3946","Maruti Suzuki","Swift Dzire",26-7-2025 12:01:34
170,139,"MH46P9452","Hyundai","I20",26-7-2025 12:01:34
171,140,"KL45B1777","Maruti Suzuki","Swift",26-7-2025 12:01:34
172,141,"KL31F7997","Volkswagen","Vento",26-7-2025 12:01:34
173,141,"KL23C3535","Fiat","Linea",26-7-2025 12:01:34
174,142,"KL02AE3171","Tata","Indigo Manza",26-7-2025 12:01:34
175,143,"KL03AA0651","Toyota","Innova",26-7-2025 12:01:34
176,144,"KL02AE633","Maruti Suzuki","A Star",26-7-2025 12:01:34
177,145,"KL23J0007","Mahindra","Xuv 500",26-7-2025 12:01:34
178,145,"KL23J007","Mahindra","Xuv 500",26-7-2025 12:01:34
179,146,"KL02AE5355","Maruti Suzuki","Swift Dzire",26-7-2025 12:01:34
180,147,"KL23F4785","Nissan","Sunny",26-7-2025 12:01:34
181,148,"KL05Y3989","Maruti Suzuki","Zen Estilo",26-7-2025 12:01:34
182,149,"KL16N7007","Honda","City",26-7-2025 12:01:34
183,150,"KL23J7335","Chevrolet","Beat",26-7-2025 12:01:34
184,151,"KL23E0041","Chevrolet","Tavera",26-7-2025 12:01:34
185,152,"KL23H6001","Hyundai","Eon",26-7-2025 12:01:34
186,153,"KL07AX1000","Mitsubishi","Pajero",26-7-2025 12:01:34
187,154,"KL10BJ5295","Mercedes","E230",26-7-2025 12:01:34
188,155,"KL23G3928","Toyota","Etios",26-7-2025 12:01:34
189,156,"KL23K4343","Nissan","Terrano",26-7-2025 12:01:34
190,156,"KL29H8877","Honda","Mobilio",26-7-2025 12:01:34
191,157,"KL23M1917","Honda","BR-V",26-7-2025 12:01:34
192,158,"KL23D0238","Maruti Suzuki","Zen Estilo",26-7-2025 12:01:34
193,159,"KL23M77","Mahindra","Xuv 500",26-7-2025 12:01:34
194,160,"KL02AP1064","Mahindra","Bolero",26-7-2025 12:01:34
195,161,"KL31B0485","Maruti Suzuki","Alto",26-7-2025 12:01:34
196,162,"KL06F6258","Skoda","Laura",26-7-2025 12:01:34
197,163,"KL02AA3333","Mercedes","Benz",26-7-2025 12:01:34
198,164,"KL05N8274","Maruti Suzuki","Zen",26-7-2025 12:01:34
199,165,"KL61B2925","Volkswagen","Polo",26-7-2025 12:01:34
200,166,"KL08AW6593","Hyundai","Eon",26-7-2025 12:01:34
201,167,"KL39G5559","Volkswagen","Jetta",26-7-2025 12:01:34
202,168,"KL240972","Hyundai","Accent",26-7-2025 12:01:34
203,169,"KL54C4464","Hyundai","Verna Fluidic",26-7-2025 12:01:34
204,170,"KL23F1524","Nissan","Sunny",26-7-2025 12:01:34
205,171,"KL25A5622","Maruti Suzuki","Alto",26-7-2025 12:01:34
206,172,"KL23F173","Tata","Indica Vista",26-7-2025 12:01:34
207,173,"KL23N5016","Toyota","Etios Liva",26-7-2025 12:01:34
208,173,"KL29N0277","Toyota","Etios Liva",26-7-2025 12:01:34
209,174,"KL02BG7905","Renault","Kwid",26-7-2025 12:01:34
210,175,"KL58D2224","Maruti Suzuki","Swift",26-7-2025 12:01:34
211,176,"KL23P9966","Mercedes","Benz",26-7-2025 12:01:34
212,177,"KL23A5645","Maruti Suzuki","Swift",26-7-2025 12:01:34
213,177,"KL08S9619","Maruti Suzuki","800",26-7-2025 12:01:34
214,177,"KL01CA0255","Hyundai","Verna Fluidic",26-7-2025 12:01:34
215,177,"KL23R6600","Honda","City",26-7-2025 12:01:34
216,178,"KL01BA2689","Maruti Suzuki","Ritz",26-7-2025 12:01:34
217,179,"KL53L3862","Hyundai","Creta",26-7-2025 12:01:34
218,180,"KL24C3240","Maruti Suzuki","Wagon R",26-7-2025 12:01:34
219,181,"KL23E9860","Volkswagen","Vento",26-7-2025 12:01:34
220,182,"KL21E4990","Chevrolet","Beat",26-7-2025 12:01:34
221,183,"KL05Z9797","Mercedes","Benz",26-7-2025 12:01:34
222,184,"KL23M9700","Hyundai","Creta",26-7-2025 12:01:34
223,185,"KL38C4774","Ford","Figo",26-7-2025 12:01:34
224,186,"KL23E8588","Chevrolet","Tavera",26-7-2025 12:01:34
225,187,"KL61B0786","Nissan","Terrano",26-7-2025 12:01:34
226,188,"KL29C3241","Hyundai","Verna",26-7-2025 12:01:34
227,189,"KL02U3658","Hyundai","Santro",26-7-2025 12:01:34
228,190,"KL23B1412","Mahindra","Scorpio",26-7-2025 12:01:34
229,191,"KL23F0212","Chevrolet","Cruze",26-7-2025 12:01:34
230,192,"KL23H1737","Hyundai","Eon",26-7-2025 12:01:34
231,193,"KL23G7287","Mahindra","Xuv 500",26-7-2025 12:01:34
232,193,"KL07BB4005","Skoda","Laura",26-7-2025 12:01:34
233,194,"KL23G1985","Tata","Super Ace",26-7-2025 12:01:34
234,195,"KL23M6668","Renault","Duster",26-7-2025 12:01:34
235,196,"KL02AR3963","Maruti Suzuki","Swift",26-7-2025 12:01:34
236,196,"KL17J5677","Hyundai","I20",26-7-2025 12:01:34
237,196,"KL01BL1943","Volkswagen","Polo",26-7-2025 12:01:34
238,196,"KL01AU9583","Honda","City",26-7-2025 12:01:34
239,197,"KL02AS6740","Honda","City",26-7-2025 12:01:34
240,198,"KL05AE1306","Hyundai","I10",26-7-2025 12:01:34
241,199,"KL29N5271","Tata","Super Ace",26-7-2025 12:01:34
242,200,"KL23N7324","Mahindra","Bolero",26-7-2025 12:01:34
243,201,"KL17K7997","Chevrolet","Cruze",26-7-2025 12:01:34
244,202,"KL31H3790","Honda","Mobilio",26-7-2025 12:01:34
245,203,"KL05AG1623","Honda","Brio",26-7-2025 12:01:34
246,203,"PY03A8515","Bmw","X1",26-7-2025 12:01:34
247,204,"KL23J0895","Maruti Suzuki","Alto",26-7-2025 12:01:34
248,205,"KL23P4383","Maruti Suzuki","Baleno",26-7-2025 12:01:34
249,205,"KL16K6377","Hyundai","I10",26-7-2025 12:01:34
250,206,"KL42C9117","Chevrolet","Captiva",26-7-2025 12:01:34
251,207,"KL23L1421","Hyundai","I20",26-7-2025 12:01:34
252,208,"KL03Y4003","Volkswagen","Polo",26-7-2025 12:01:34
253,209,"KL27D2355","Chevrolet","Beat",26-7-2025 12:01:34
254,210,"KL23E7999","Ford","Figo",26-7-2025 12:01:34
255,211,"KL02AE6390","Maruti Suzuki","Omini",26-7-2025 12:01:34
256,212,"KL26A1593","Maruti Suzuki","Swift Dzire",26-7-2025 12:01:34
257,213,"KL07AN0996","Toyota","Qualis",26-7-2025 12:01:34
258,214,"KL23K4120","Toyota","Etios",26-7-2025 12:01:34
259,215,"KL71H6881","Toyota","Innova",26-7-2025 12:01:34
260,216,"KL13AG0069","Toyota","Camry",26-7-2025 12:01:34
261,217,"KL23G3879","Maruti Suzuki","Zen Estilo",26-7-2025 12:01:34
262,218,"KL23S2592","Volkswagen","Polo",26-7-2025 12:01:34
263,219,"KL23C2898","Hyundai","Santro Xing",26-7-2025 12:01:34
264,220,"KL29L2244","Maruti Suzuki","Swift",26-7-2025 12:01:34
265,221,"KL23S6085","Mahindra","Xuv 500",26-7-2025 12:01:34
266,222,"KL23P7401","Hyundai","Grand I10",26-7-2025 12:01:34
267,222,"KL02Z8008","Toyota","Innova",26-7-2025 12:01:34
268,222,"KL23V7533","Toyota","Innova",26-7-2025 12:01:34
269,223,"KL23B9088","Hyundai","Verna",26-7-2025 12:01:34
270,223,"KL23J7334","Honda","Amaze",26-7-2025 12:01:34
271,224,"KL23L7999","Hyundai","I20 Elite",26-7-2025 12:01:34
272,225,"KL07AY6464","Maruti Suzuki","Baleno",26-7-2025 12:01:34
273,226,"KL02H4567","Mitsubishi","Lancer",26-7-2025 12:01:34
274,227,"KL297564","Maruti Suzuki","Swift",26-7-2025 12:01:34
275,228,"KL23S0372","Maruti Suzuki","Swift",26-7-2025 12:01:34
276,229,"KL608424","Toyota","Innova",26-7-2025 12:01:34
277,230,"KL24E0120","Hyundai","I20",26-7-2025 12:01:34
278,231,"KL07AU4500","Hyundai","Santro",26-7-2025 12:01:34
279,232,"KL23F0698","Maruti Suzuki","Swift",26-7-2025 12:01:34
280,232,"KL235423","Maruti Suzuki","Alto",26-7-2025 12:01:34
281,233,"KL23Q4819","Renault","Kwid",26-7-2025 12:01:34
282,234,"KL26F4546","Hyundai","I20",26-7-2025 12:01:34
283,235,"KL02W3119","Maruti Suzuki","Alto",26-7-2025 12:01:34
284,236,"KL231111","Ford","Fiesta",26-7-2025 12:01:34
285,237,"KL29C3941","Chevrolet","Beat",26-7-2025 12:01:34
286,238,"KL23M4343","Hyundai","I20",26-7-2025 12:01:34
287,239,"KL16L2236","Maruti Suzuki","Wagon R",26-7-2025 12:01:34
288,240,"KL23R2424","Maruti Suzuki","Ciaz",26-7-2025 12:01:34
289,241,"KL29A5120","Hyundai","Accent",26-7-2025 12:01:34
290,242,"DL12C2869","Toyota","Fortuner",26-7-2025 12:01:34
291,243,"KL23Q0227","Hyundai","Eon",26-7-2025 12:01:34
292,244,"KL23L5151","Maruti Suzuki","Ciaz",26-7-2025 12:01:34
293,244,"KL23Q2769","Maruti Suzuki","Baleno",26-7-2025 12:01:34
294,244,"KL61E5923","Maruti Suzuki","Alto 800",26-7-2025 12:01:34
295,244,"KL23X5953","Toyota","Innova Crysta",26-7-2025 12:01:34
296,244,"KL23X5991","Toyota","Corolla Altis",26-7-2025 12:01:34
297,244,"UP81BL2895","Toyota","Innova Crysta",26-7-2025 12:01:34
298,244,"KL01BA0765","Skoda","Laura",26-7-2025 12:01:34
299,244,"KL02AK1968","Nissan","Sunny",26-7-2025 12:01:34
300,245,"KL23H1600","Maruti Suzuki","Wagon R",26-7-2025 12:01:34
301,246,"KL16G1515","Maruti Suzuki","Swift Dzire",26-7-2025 12:01:34
302,247,"KL23J8800","Honda","Amaze",26-7-2025 12:01:34
303,248,"KL21M568","Honda","City",26-7-2025 12:01:34
304,249,"KL05AK1930","Hyundai","I10",26-7-2025 12:01:34
305,250,"KL55AC8055","Toyota","Innova",26-7-2025 12:01:34
306,251,"KL23Q6059","Hyundai","I20",26-7-2025 12:01:34
307,252,"KL23P2159","Maruti Suzuki","Swift Dzire",26-7-2025 12:01:34
308,253,"KL38J8434","Tata","Ace",26-7-2025 12:01:34
309,254,"KL23H3768","Hyundai","Verna",26-7-2025 12:01:34
310,254,"KL02AK7970","Toyota","Etios",26-7-2025 12:01:34
311,254,"KL29A3848","Toyota","Innova",26-7-2025 12:01:34
312,254,"KL07BU2015","Mercedes","Benz",26-7-2025 12:01:34
313,254,"KL23E7412","Ford","Fiesta",26-7-2025 12:01:34
314,255,"KL16F1377","Maruti Suzuki","Swift Dzire",26-7-2025 12:01:34
315,256,"KL02AJ6190","Toyota","Corolla Altis",26-7-2025 12:01:34
316,257,"KL23M2020","Toyota","Innova",26-7-2025 12:01:34
317,258,"KL29D1348","Mitsubishi","Lancer",26-7-2025 12:01:34
318,259,"KL01AL6519","Toyota","Innova",26-7-2025 12:01:34
319,260,"KL08X6869","Toyota","Qualis",26-7-2025 12:01:34
320,261,"KL73A4101","Renault","Kwid",26-7-2025 12:01:34
321,262,"KL616789","Maruti Suzuki","Swift",26-7-2025 12:01:34
322,263,"KL31B4747","Maruti Suzuki","Swift",26-7-2025 12:01:34
323,264,"KL23V2777","Toyota","Fortuner",26-7-2025 12:01:34
324,265,"KL07CD2709","Skoda","Octavia",26-7-2025 12:01:34
325,266,"KL23N9798","Maruti Suzuki","Alto 800",26-7-2025 12:01:34
326,267,"KL33B2010","Maruti Suzuki","Swift",26-7-2025 12:01:34
327,268,"KL23G8008","Maruti Suzuki","Swift",26-7-2025 12:01:34
328,269,"KL02W6461","Maruti Suzuki","800",26-7-2025 12:01:34
329,269,"KL4L8786","Mitsubishi","Lancer",26-7-2025 12:01:34
330,270,"KL23K3048","Hyundai","I20",26-7-2025 12:01:34
331,271,"KL23K7512","Maruti Suzuki","Alto 800",26-7-2025 12:01:34
332,272,"KL23H5556","Mahindra","Xuv 500",26-7-2025 12:01:34
333,273,"KL02AR6096","Maruti Suzuki","Swift",26-7-2025 12:01:34
334,274,"KL02AE8012","Hyundai","I10",26-7-2025 12:01:34
335,275,"KL24F4242","Tata","Indigo Manza",26-7-2025 12:01:34
336,276,"KL30G3675","Volkswagen","Vento",26-7-2025 12:01:34
337,277,"KL23R9128","Hyundai","I20",26-7-2025 12:01:34
338,278,"KL35E0068","Ashok Leyland","Dost",26-7-2025 12:01:34
339,279,"KL03F5320","Mahindra","Bolero",26-7-2025 12:01:34
340,280,"KL23G6344","Maruti Suzuki","Wagon R",26-7-2025 12:01:34
341,281,"KL23M3588","Hyundai","I20",26-7-2025 12:01:34
342,281,"KL27H4972","Tata","Super Ace",26-7-2025 12:01:34
343,282,"KL27H9937","Maruti Suzuki","Alto",26-7-2025 12:01:34
344,283,"KL31K6997","Volkswagen","Ameo",26-7-2025 12:01:34
345,283,"KL29M2525","Nissan","Terrano",26-7-2025 12:01:34
346,284,"KL07CC4583","Ford","Ecosport",26-7-2025 12:01:34
347,285,"KL29B7009","Maruti Suzuki","Swift",26-7-2025 12:01:34
348,286,"KL23N9669","Hyundai","I20",26-7-2025 12:01:34
349,287,"KL23B6651","Chevrolet","Sail U-Va",26-7-2025 12:01:34
350,288,"KL23C9999","Toyota","Corolla Altis",26-7-2025 12:01:34
351,289,"KL67B8064","Hyundai","Santro",26-7-2025 12:01:34
352,289,"KL29A5555","Ford","Fiesta",26-7-2025 12:01:34
353,290,"KL02BC555","Nissan","Terrano",26-7-2025 12:01:34
354,291,"KL23M2233","Maruti Suzuki","Brezza",26-7-2025 12:01:34
355,292,"KL23F0449","Maruti Suzuki","Wagon R",26-7-2025 12:01:34
356,293,"KL02BD1476","Datsun","Datsun Go Plus",26-7-2025 12:01:34
357,294,"KL31B9119","Hyundai","Santro",26-7-2025 12:01:34
358,295,"KL29L5035","Maruti Suzuki","Alto 800",26-7-2025 12:01:34
359,296,"KL05X3786","Toyota","Innova",26-7-2025 12:01:34
360,297,"KL23G3136","Hyundai","Eon",26-7-2025 12:01:34
361,298,"KL29K2426","Maruti Suzuki","Alto 800",26-7-2025 12:01:34
362,299,"KL23K1118","Maruti Suzuki","Swift",26-7-2025 12:01:34
363,300,"KL23J2333","Mahindra","Xuv 500",26-7-2025 12:01:34
364,301,"KL23J9700","Mahindra","Xuv 500",26-7-2025 12:01:34
365,302,"KL27G6179","Maruti Suzuki","Swift",26-7-2025 12:01:34
366,303,"KL31Q6243","Maruti Suzuki","Swift",26-7-2025 12:01:34
367,304,"KL59F0666","Chevrolet","Cruze",26-7-2025 12:01:34
368,305,"KL02BH3131","Maruti Suzuki","Baleno",26-7-2025 12:01:34
369,306,"KL23X2269","Toyota","Corolla Altis",26-7-2025 12:01:34
370,306,"HR26BR1001","Mercedes","Benz",26-7-2025 12:01:34
371,306,"KL04AE7777","Renault","Lodgy",26-7-2025 12:01:34
372,307,"KL23G5531","Maruti Suzuki","Swift",26-7-2025 12:01:34
373,307,"KL43A2099","Hyundai","Santro",26-7-2025 12:01:34
374,307,"KL23K8000","Isuzu","Mu-7",26-7-2025 12:01:34
375,308,"KL23H3355","Chevrolet","Enjoy",26-7-2025 12:01:34
376,309,"KL26A5411","Hyundai","I20",26-7-2025 12:01:34
377,310,"KL04V4546","Skoda","Octavia",26-7-2025 12:01:34
378,311,"KL29Q1544","Tata","Tiago",26-7-2025 12:01:34
379,312,"KL29L0666","Honda","City",26-7-2025 12:01:34
380,313,"KL23J2124","Hyundai","Grand I10",26-7-2025 12:01:34
381,314,"KL07BD5841","Ford","Ikon",26-7-2025 12:01:34
382,314,"KL23M9714","Datsun","Go",26-7-2025 12:01:34
383,315,"KL23Q2245","Maruti Suzuki","Celerio",26-7-2025 12:01:34
384,316,"KL23W5118","Maruti Suzuki","Eeco",26-7-2025 12:01:34
385,317,"KL25P1658","Maruti Suzuki","Alto 800",26-7-2025 12:01:34
386,318,"KL55R8009","Renault","Lodgy",26-7-2025 12:01:34
387,319,"KL07AS5224","Hyundai","Accent",26-7-2025 12:01:34
388,320,"KL23A8728","Maruti Suzuki","Alto",26-7-2025 12:01:34
389,320,"KL23B5900","Maruti Suzuki","Alto",26-7-2025 12:01:34
390,320,"KL23S0615","Hyundai","I20 Elite",26-7-2025 12:01:34
391,320,"KL23U4232","Skoda","Rapid",26-7-2025 12:01:34
392,321,"KL10AD2269","Toyota","Corolla",26-7-2025 12:01:34
393,322,"ATMAXII","Mahindra","Maxima",26-7-2025 12:01:34
394,323,"KL23N7155","Volkswagen","Vento",26-7-2025 12:01:34
395,324,"KL32L3553","Volkswagen","Polo",26-7-2025 12:01:34
396,325,"KL39H4137","Volkswagen","Polo",26-7-2025 12:01:34
397,326,"KL61D0281","Hyundai","Verna Fluidic",26-7-2025 12:01:34
398,327,"KL23L4114","Mahindra","Tuv 300",26-7-2025 12:01:34
399,328,"KL29L0408","Hyundai","I20",26-7-2025 12:01:34
400,329,"KL23S7146","Hyundai","Grand I10",26-7-2025 12:01:34
401,330,"KL23P4747","Honda","City",26-7-2025 12:01:34
402,331,"KL58H1379","Maruti Suzuki","Eeco",26-7-2025 12:01:34
403,332,"KL29E9662","Maruti Suzuki","Alto K10",26-7-2025 12:01:34
404,333,"KL61B9529","Honda","Amaze",26-7-2025 12:01:34
405,334,"KL23B8076","Maruti Suzuki","Alto",26-7-2025 12:01:34
406,334,"KL23F8035","Maruti Suzuki","Alto",26-7-2025 12:01:34
407,334,"KL23C4266","Hyundai","I10",26-7-2025 12:01:34
408,335,"KL23K4682","Chevrolet","Beat",26-7-2025 12:01:34
409,336,"KL29H4123","Tata","Venture",26-7-2025 12:01:34
410,336,"KL29Q2083","Tata","Super Ace",26-7-2025 12:01:34
411,337,"KL07BP4858","Hyundai","I20",26-7-2025 12:01:34
412,338,"KL45G5200","Volkswagen","Vento",26-7-2025 12:01:34
413,339,"KL01AY5606","Skoda","Fabia",26-7-2025 12:01:34
414,340,"KL08AQ1202","Mahindra","Scorpio",26-7-2025 12:01:34
415,341,"KL23T2652","Maruti Suzuki","Swift",26-7-2025 12:01:34
416,342,"KL617067","Maruti Suzuki","Swift Dzire",26-7-2025 12:01:34
417,343,"KL31J9336","Renault","Kwid",26-7-2025 12:01:34
418,344,"KL61D3412","Maruti Suzuki","Wagon R",26-7-2025 12:01:34
419,345,"KL23W5124","Maruti Suzuki","Innova",26-7-2025 12:01:34
420,345,"UP14DT7007","Toyota","Fortuner",26-7-2025 12:01:34
421,345,"UP80CE3500","Toyota","Innova",26-7-2025 12:01:34
422,346,"KL02AM8008","Hyundai","Eon",26-7-2025 12:01:34
423,346,"KL23K0764","Hyundai","Verna Fluidic",26-7-2025 12:01:34
424,346,"KL01BS6363","Volkswagen","Polo",26-7-2025 12:01:34
425,346,"KL05AR8579","Volkswagen","Ameo",26-7-2025 12:01:34
426,346,"KL23J3981","Volkswagen","Jetta",26-7-2025 12:01:34
427,346,"KL61B8699","Mahindra","Tuv 300",26-7-2025 12:01:34
428,346,"KL39F4118","Renault","Duster",26-7-2025 12:01:34
429,347,"KL31M0745","Honda","Amaze",26-7-2025 12:01:34
430,348,"KL03S2502","Maruti Suzuki","Alto",26-7-2025 12:01:34
431,349,"KL41E8000","Hyundai","Verna",26-7-2025 12:01:34
432,350,"KL23K6056","Maruti Suzuki","Swift Dzire",26-7-2025 12:01:34
433,351,"KL07BQ0696","Volkswagen","Vento",26-7-2025 12:01:34
434,352,"KL08AZ2714","Hyundai","Verna",26-7-2025 12:01:34
435,353,"KL23R1011","Renault","Marazzo",26-7-2025 12:01:34
436,354,"KL01BB0022","Volkswagen","Polo",26-7-2025 12:01:34
437,355,"KL02AC0171","Maruti Suzuki","Swift",26-7-2025 12:01:34
438,355,"KL30F4172","Maruti Suzuki","Celerio",26-7-2025 12:01:34
439,356,"KL23Q9930","Hyundai","I20",26-7-2025 12:01:34
440,357,"KL24F0058","Volkswagen","Polo",26-7-2025 12:01:34
441,358,"KL25K3700","Maruti Suzuki","Swift",26-7-2025 12:01:34
442,359,"KL23H7313","Ford","Ecosport",26-7-2025 12:01:34
443,360,"KL23R2521","Maruti Suzuki","Swift",26-7-2025 12:01:34
444,361,"KL23F1110","Mahindra","Bolero",26-7-2025 12:01:34
445,362,"KL03S4862","Toyota","Innova",26-7-2025 12:01:34
446,363,"KL17P0133","Toyota","Corolla Altis",26-7-2025 12:01:34
447,364,"KL20F6411","Volkswagen","Polo",26-7-2025 12:01:34
448,365,"KL23R6473","Maruti Suzuki","S-Cross",26-7-2025 12:01:34
449,366,"KL02V8638","Maruti Suzuki","Swift",26-7-2025 12:01:34
450,367,"KL29F4949","Toyota","Corolla Altis",26-7-2025 12:01:34
451,368,"MP09NH71","Bmw","Bmw",26-7-2025 12:01:34
452,369,"KL23G3630","Fiat","Punto",26-7-2025 12:01:34
453,370,"KL29K6609","Maruti Suzuki","Alto 800",26-7-2025 12:01:34
454,371,"KL59A2799","Maruti Suzuki","Alto",26-7-2025 12:01:34
455,372,"KL29R5634","Hyundai","Grand I10",26-7-2025 12:01:34
456,373,"KL01BH9007","Hyundai","Elantra",26-7-2025 12:01:34
457,374,"KL30D0120","Volkswagen","Polo",26-7-2025 12:01:34
458,375,"KL07BS8027","Volkswagen","Vento",26-7-2025 12:01:34
459,376,"KL42B0770","Hyundai","I10",26-7-2025 12:01:34
460,377,"KL23J0070","Toyota","Etios Liva",26-7-2025 12:01:34
461,378,"KL22A3621","Maruti Suzuki","800",26-7-2025 12:01:34
462,379,"KL53C2464","Tata","Winger",26-7-2025 12:01:34
463,380,"KL07CA9098","Ford","Ecosport",26-7-2025 12:01:34
464,381,"KL01CA3838","Hyundai","Creta",26-7-2025 12:01:34
465,382,"KL02AN6289","Chevrolet","Sail",26-7-2025 12:01:34
466,383,"KL01BH5406","Hyundai","I20",26-7-2025 12:01:34
467,384,"KL16AA1200","Mahindra","Xuv 500",26-7-2025 12:01:34
468,385,"KL01CT2097","Mahindra","Bolero Camper Gold",26-7-2025 12:01:34
469,385,"KL31K0995","Renault","Kwid",26-7-2025 12:01:34
470,386,"KL236768","Maruti Suzuki","Swift",26-7-2025 12:01:34
471,387,"KA03ND6974","Tata","Tigor",26-7-2025 12:01:34
472,388,"KL24K0041","Maruti Suzuki","Ritz",26-7-2025 12:01:34
473,389,"KL314413","Maruti Suzuki","Alto",26-7-2025 12:01:34
474,390,"KL02AS2123","Maruti Suzuki","Alto 800",26-7-2025 12:01:34
475,391,"ATAUDI","Audi","Audi",26-7-2025 12:01:34
476,391,"KL07BW0969","Audi","A6",26-7-2025 12:01:34
477,392,"KL04T1440","Maruti Suzuki","Alto",26-7-2025 12:01:34
478,392,"KL238570","Maruti Suzuki","Omni",26-7-2025 12:01:34
479,392,"KL23G0707","Maruti Suzuki","Ritz",26-7-2025 12:01:34
480,392,"KL23G3852","Maruti Suzuki","Wagon R",26-7-2025 12:01:34
481,392,"KL23N4707","Maruti Suzuki","Baleno",26-7-2025 12:01:34
482,392,"KL23F0143","Toyota","Etios Liva",26-7-2025 12:01:34
483,392,"KL23N6695","Volkswagen","Polo",26-7-2025 12:01:34
484,393,"KL29H7188","Maruti Suzuki","Eeco",26-7-2025 12:01:34
485,394,"KL43A8558","Maruti Suzuki","Alto",26-7-2025 12:01:34
486,395,"KL24H777","Hyundai","I10",26-7-2025 12:01:34
487,396,"KL23R8698","Tata","Tiago",26-7-2025 12:01:34
488,397,"KL07CS0126","Maruti Suzuki","Ciaz",26-7-2025 12:01:34
489,398,"KL29F4455","Renault","Duster",26-7-2025 12:01:34
490,399,"KL395087","Hyundai","Santro",26-7-2025 12:01:34
491,400,"KL01AM6343","Mitsubishi","Lancer",26-7-2025 12:01:34
492,401,"KL22C2800","Volkswagen","Polo",26-7-2025 12:01:34
493,401,"AUTOLINE","Autoline","Autoline",26-7-2025 12:01:34
494,402,"KL02AZ0574","Volkswagen","Ameo",26-7-2025 12:01:34
495,403,"KL377878","Maruti Suzuki","Ritz",26-7-2025 12:01:34
496,404,"KL61C4819","Toyota","Etios",26-7-2025 12:01:34
497,405,"KL31K1505","Maruti Suzuki","Swift",26-7-2025 12:01:34
498,406,"KL04S4584","Maruti Suzuki","800",26-7-2025 12:01:34
499,407,"KL31E8852","Hyundai","I10",26-7-2025 12:01:34
500,408,"KL01BR3000","Mahindra","Thar",26-7-2025 12:01:34
501,409,"KL23F3974","Maruti Suzuki","Wagon R",26-7-2025 12:01:34
502,410,"KL23K3701","Honda","City",26-7-2025 12:01:34
503,411,"KL02BM0664","Renault","Triber",26-7-2025 12:01:34
504,412,"KL26D6365","Maruti Suzuki","Wagon R",26-7-2025 12:01:34
505,412,"KL02AY3803","Hyundai","I20",26-7-2025 12:01:34
506,413,"KL23M1081","Hyundai","I20",26-7-2025 12:01:34
507,414,"KL39G1699","Volkswagen","Polo",26-7-2025 12:01:34
508,415,"KL16L0220","Hyundai","Verna",26-7-2025 12:01:34
509,415,"KL01CC9246","Honda","City",26-7-2025 12:01:34
510,416,"KL23H2174","Maruti Suzuki","Swift Dzire",26-7-2025 12:01:34
511,417,"KL03W4249","Maruti Suzuki","Ritz",26-7-2025 12:01:34
512,418,"KL26G8000","Maruti Suzuki","Ertiga",26-7-2025 12:01:34
513,419,"KL23E2966","Hyundai","I10",26-7-2025 12:01:34
514,420,"KL61A2153","Hyundai","Grand I10",26-7-2025 12:01:34
515,421,"KL24L2664","Hyundai","Creta",26-7-2025 12:01:34
516,422,"KL63B3366","Hyundai","I20",26-7-2025 12:01:34
517,423,"KL232266","Maruti Suzuki","Swift",26-7-2025 12:01:34
518,424,"KL23N0556","Volkswagen","Vento",26-7-2025 12:01:34
519,425,"KL17C1250","Toyota","Innova",26-7-2025 12:01:34
520,426,"KL23H9200","Maruti Suzuki","Alto 800",26-7-2025 12:01:34
521,427,"KL23J2189","Honda","City",26-7-2025 12:01:34
522,428,"KL21B7859","Toyota","Innova",26-7-2025 12:01:34
523,429,"KL23H4539","Maruti Suzuki","Alto 800",26-7-2025 12:01:34
524,430,"KL23C8981","Maruti Suzuki","Swift Dzire",26-7-2025 12:01:34
525,431,"KL62A7422","Honda","Amaze",26-7-2025 12:01:34
526,432,"KL23R648","Maruti Suzuki","Wagon R",26-7-2025 12:01:34
527,433,"KL29R6144","Volkswagen","Polo",26-7-2025 12:01:34
528,434,"KL20C8145","Volkswagen","Polo",26-7-2025 12:01:34
529,435,"KL02AG7772","Hyundai","I10",26-7-2025 12:01:34
530,436,"KL01AW3962","Toyota","Innova",26-7-2025 12:01:34
531,436,"KL23J3660","Volkswagen","Vento",26-7-2025 12:01:34
532,436,"KL07BY5355","Ford","Ecosport",26-7-2025 12:01:34
533,437,"KL01AT9599","Toyota","Innova",26-7-2025 12:01:34
534,438,"KL23G3182","Maruti Suzuki","Swift",26-7-2025 12:01:34
535,439,"KL61A2126","Maruti Suzuki","Wagon R",26-7-2025 12:01:34
536,440,"KL23D5119","Hyundai","I10",26-7-2025 12:01:34
537,441,"KL23D9184","Maruti Suzuki","Swift",26-7-2025 12:01:34
538,441,"KL23G9184","Maruti Suzuki","Swift",26-7-2025 12:01:34
539,442,"KL23H2772","Toyota","Etios",26-7-2025 12:01:34
540,443,"KL41E5132","Maruti Suzuki","Ritz",26-7-2025 12:01:34
541,444,"KL02Q9651","Maruti Suzuki","800",26-7-2025 12:01:34
542,445,"KL24B0990","Maruti Suzuki","Swift Dzire",26-7-2025 12:01:34
543,445,"KL04AF0159","Maruti Suzuki","Ertiga",26-7-2025 12:01:34
544,445,"KL23D0787","Toyota","Corolla Altis",26-7-2025 12:01:34
545,446,"KL02AG4595","Chevrolet","Spark",26-7-2025 12:01:34
546,447,"KL23T8843","Mahindra","Xuv 300",26-7-2025 12:01:34
547,448,"KL23D4848","Hyundai","Santro",26-7-2025 12:01:34
548,449,"KL02BG8095","Toyota","Yaris",26-7-2025 12:01:34
549,450,"KL23D3315","Hyundai","I10",26-7-2025 12:01:34
550,451,"KL05AS6028","Honda","Jazz",26-7-2025 12:01:34
551,452,"KL05AG0515","Volkswagen","Vento",26-7-2025 12:01:34
552,452,"KL05AG515","Volkswagen","Vento",26-7-2025 12:01:34
553,453,"KL23H9050","Maruti Suzuki","Ertiga",26-7-2025 12:01:34
554,454,"KL23D9981","Hyundai","Santro",26-7-2025 12:01:34
555,455,"HR01AA3245","Hyundai","I20",26-7-2025 12:01:34
556,456,"KL29M5314","Tata","Tiago",26-7-2025 12:01:34
557,457,"KL23P0044","Maruti Suzuki","Ciaz",26-7-2025 12:01:34
558,458,"KL29K2381","Hyundai","I10 Grand",26-7-2025 12:01:34
559,459,"KL02AA5416","Maruti Suzuki","800",26-7-2025 12:01:34
560,460,"KL34D1600","Hyundai","Grand I10",26-7-2025 12:01:34
561,461,"KL23E3148","Tata","Indigo",26-7-2025 12:01:34
562,462,"KL24G9514","Maruti Suzuki","800",26-7-2025 12:01:34
563,462,"KL01BP1240","Ford","Ecosport",26-7-2025 12:01:34
564,463,"KL23H126","Maruti Suzuki","Swift Dzire",26-7-2025 12:01:34
565,464,"KL39C7895","Volkswagen","Polo",26-7-2025 12:01:34
566,465,"KL29F6718","Hyundai","Eon",26-7-2025 12:01:34
567,466,"KL05AD7080","Fiat","Punto",26-7-2025 12:01:34
568,467,"KL23L6444","Honda","Amaze",26-7-2025 12:01:34
569,468,"KL33A8351","Fiat","Linea",26-7-2025 12:01:34
570,469,"KL20B2844","Chevrolet","Aveo",26-7-2025 12:01:34
571,470,"KL23N5539","Renault","Kwid",26-7-2025 12:01:34
572,471,"KL04AD8488","Maruti Suzuki","Swift",26-7-2025 12:01:34
573,472,"KL01BS4949","Hyundai","I20",26-7-2025 12:01:34
574,473,"KL26J8586","Honda","Jazz",26-7-2025 12:01:34
575,474,"KL23H6000","Renault","Duster",26-7-2025 12:01:34
576,475,"KL23N1200","Volkswagen","Ameo",26-7-2025 12:01:34
577,476,"KL61A5002","Maruti Suzuki","Swift",26-7-2025 12:01:34
578,477,"KL07BH2621","Toyota","Innova",26-7-2025 12:01:34
579,478,"KL33H0999","Mercedes","Benz",26-7-2025 12:01:34
580,479,"KL04P6274","Chevrolet","Optra",26-7-2025 12:01:34
581,480,"KL23L9495","Maruti Suzuki","Swift Dzire",26-7-2025 12:01:34
582,481,"KL61C7659","Maruti Suzuki","Swift Dzire",26-7-2025 12:01:34
583,482,"KL02AX4893","Honda","Amaze",26-7-2025 12:01:34
584,483,"KL21Q2112","Maruti Suzuki","S-Cross",26-7-2025 12:01:34
585,483,"KL21V4159","Datsun","Redi-Go",26-7-2025 12:01:34
586,484,"KL23V0702","Maruti Suzuki","Ignis",26-7-2025 12:01:34
587,485,"KL23U0505","Maruti Suzuki","Wagon R",26-7-2025 12:01:34
588,486,"KL23A6667","Maruti Suzuki","Wagon R",26-7-2025 12:01:34
589,486,"KL61D7122","Hyundai","Creta",26-7-2025 12:01:34
590,487,"KL24B1176","Hyundai","Santro Xing",26-7-2025 12:01:34
591,488,"KL04AC8001","Skoda","Rapid",26-7-2025 12:01:34
592,488,"KL23N2883","Honda","City",26-7-2025 12:01:34
593,489,"KL08AX1005","Mahindra","Scorpio",26-7-2025 12:01:34
594,490,"KL29K2700","Renault","Duster",26-7-2025 12:01:34
595,491,"KL30E888","Mahindra","Xuv 500",26-7-2025 12:01:34
596,492,"KL23B0999","Hyundai","Verna",26-7-2025 12:01:34
597,493,"KL19A7971","Hyundai","I10",26-7-2025 12:01:34
598,494,"KL31A5252","Chevrolet","Spark",26-7-2025 12:01:34
599,495,"KL23F3921","Chevrolet","Beat",26-7-2025 12:01:34
600,496,"KL23B3663","Ford","Fiesta",26-7-2025 12:01:34
601,497,"KL23E8734","Hyundai","I20",26-7-2025 12:01:34
602,498,"DL01CS0438","Audi","A4",26-7-2025 12:01:34
603,499,"KL43D9127","Ashok Leyland","Dost",26-7-2025 12:01:34
604,500,"KL292041","Maruti Suzuki","Zen",26-7-2025 12:01:34
605,501,"KL23C4996","Chevrolet","Beat",26-7-2025 12:01:34
606,502,"KL31C6160","Maruti Suzuki","Swift Dzire",26-7-2025 12:01:34
607,503,"KL23E6703","Honda","City",26-7-2025 12:01:34
608,504,"KL40K8586","Nissan","Terrano",26-7-2025 12:01:34
609,505,"KL08AR4913","Hyundai","I10",26-7-2025 12:01:34
610,505,"KL27B9823","Hyundai","Verna",26-7-2025 12:01:34
611,506,"KL23L25A","Datsun","Datsun Go",26-7-2025 12:01:34
612,507,"KL32V6551","Mahindra","Xuv 500",26-7-2025 12:01:34
613,507,"HR26BQ8114","Xuv","Xuv 500",26-7-2025 12:01:34
614,508,"KL23A5438","Maruti Suzuki","Alto",26-7-2025 12:01:34
615,509,"KL07BK4119","Mahindra","Logan",26-7-2025 12:01:34
616,510,"KL02AD5316","Hyundai","Santro",26-7-2025 12:01:34
617,511,"KL02AW1976","Maruti Suzuki","S-Cross",26-7-2025 12:01:34
618,512,"KL23C6203","Tata","Indica Vista",26-7-2025 12:01:34
619,513,"KL03M5608","Maruti Suzuki","Zen",26-7-2025 12:01:34
620,514,"KL29C633","Tata","Safari",26-7-2025 12:01:34
621,515,"KL29A1930","Tata","Indica",26-7-2025 12:01:34
622,516,"KL23J5152","Nissan","Terrano",26-7-2025 12:01:34
623,517,"KL23J1600","Maruti Suzuki","Swift",26-7-2025 12:01:34
624,518,"KL12B8025","Toyota","Qualis",26-7-2025 12:01:34
625,519,"KL23B2104","Maruti Suzuki","Alto",26-7-2025 12:01:34
626,520,"KL22D5057","Maruti Suzuki","Alto",26-7-2025 12:01:34
627,521,"KL23N7776","Volkswagen","Vento",26-7-2025 12:01:34
628,522,"KL23S7094","Volkswagen","Polo",26-7-2025 12:01:34
629,522,"KL45G1600","Volkswagen","Vento",26-7-2025 12:01:34
630,523,"KL02Z5956","Toyota","Innova",26-7-2025 12:01:34
631,524,"KL31A2517","Maruti Suzuki","Swift",26-7-2025 12:01:34
632,525,"KL23L4560","Maruti Suzuki","Alto",26-7-2025 12:01:34
633,526,"KL30F2161","Honda","BR-V",26-7-2025 12:01:34
634,527,"KL23J0440","Maruti Suzuki","Swift Dzire",26-7-2025 12:01:34
635,527,"KL29D7420","Toyota","Etios",26-7-2025 12:01:34
636,528,"KL23P6662","Maruti Suzuki","Swift",26-7-2025 12:01:34
637,529,"KL32A9990","Hyundai","Accent",26-7-2025 12:01:34
638,530,"KL05AD1745","Renault","Logan",26-7-2025 12:01:34
639,531,"KL31E2751","Maruti Suzuki","Ertiga",26-7-2025 12:01:34
640,532,"KL23B4153","Maruti Suzuki","Wagon R",26-7-2025 12:01:34
641,533,"KL61B4095","Ford","Figo Aspire",26-7-2025 12:01:34
642,534,"KL23J8686","Fiat","Punto",26-7-2025 12:01:34
643,535,"KL23L7956","Maruti Suzuki","Brezza",26-7-2025 12:01:34
644,536,"KL23A8829","Tata","Indica",26-7-2025 12:01:34
645,537,"KL02AS2866","Maruti Suzuki","Swift",26-7-2025 12:01:34
646,538,"KL23F4790","Chevrolet","Beat",26-7-2025 12:01:34
647,539,"KL02Z4599","Skoda","Laura",26-7-2025 12:01:34
648,539,"KL2Z4599","Skoda","Laura",26-7-2025 12:01:34
649,540,"KL23D5211","Hyundai","Santro",26-7-2025 12:01:34
650,540,"KL35M3365","Volkswagen","Jetta",26-7-2025 12:01:34
651,540,"KL45F4748","Volkswagen","Jetta",26-7-2025 12:01:34
652,541,"KL61B6408","Volkswagen","Polo",26-7-2025 12:01:34
653,542,"KL61A9999","Toyota","Fortuner",26-7-2025 12:01:34
654,543,"KL23L8616","Maruti Suzuki","Alto 800",26-7-2025 12:01:34
655,544,"KL04N7880","Mitsubishi","Lancer",26-7-2025 12:01:34
656,545,"KL03AA4058","Honda","BR-V",26-7-2025 12:01:34
657,545,"KL23P9243","Renault","Kwid",26-7-2025 12:01:34
658,546,"KL01AT8344","Maruti Suzuki","Wagon R",26-7-2025 12:01:34
659,547,"KL23H4523","Maruti Suzuki","Swift Dzire",26-7-2025 12:01:34
660,548,"KL23N4801","Hyundai","Creta",26-7-2025 12:01:34
661,549,"KL26F4044","Maruti Suzuki","Ciaz",26-7-2025 12:01:34
662,550,"KL31L0155","Maruti Suzuki","Baleno",26-7-2025 12:01:34
663,551,"KL23G0032","Maruti Suzuki","Swift",26-7-2025 12:01:34
664,552,"KL01AY4380","Tata","Indigo",26-7-2025 12:01:34
665,553,"KL35E8156","Maruti Suzuki","Ertiga",26-7-2025 12:01:34
666,554,"KL29C9575","Hyundai","I10",26-7-2025 12:01:34
667,555,"KL611800","Ford","Figo",26-7-2025 12:01:34
668,556,"KL02AC9979","Maruti Suzuki","Ritz",26-7-2025 12:01:34
669,557,"KL23F6674","Nissan","Sunny",26-7-2025 12:01:34
670,558,"KL23R7688","Maruti Suzuki","Brezza",26-7-2025 12:01:34
671,559,"KL05S4300","Mahindra","Scorpio",26-7-2025 12:01:34
672,560,"KL02AX5617","Hyundai","Creta",26-7-2025 12:01:34
673,560,"KL02AK70","Volkswagen","Polo",26-7-2025 12:01:34
674,561,"HR26CC8005","Bmw","X1",26-7-2025 12:01:34
675,562,"KL07BV8762","Mahindra","Xuv 500",26-7-2025 12:01:34
676,563,"KL43K2702","Mahindra","Bolero",26-7-2025 12:01:34
677,564,"KL23N0045","Hyundai","Creta",26-7-2025 12:01:34
678,565,"KL29E0451","Chevrolet","Cruze",26-7-2025 12:01:34
679,566,"KL03V4006","Tata","Indica Vista",26-7-2025 12:01:34
680,567,"KL01BP5254","Honda","City",26-7-2025 12:01:34
681,568,"KL01CF7700","Mercedes","Benz",26-7-2025 12:01:34
682,569,"KL23F0801","Toyota","Corolla Altis",26-7-2025 12:01:34
683,569,"KL29M0801","Toyota","Fortuner",26-7-2025 12:01:34
684,570,"KL23J6690","Hyundai","Grand I10",26-7-2025 12:01:34
685,571,"KL23G4570","Maruti Suzuki","Swift Dzire",26-7-2025 12:01:34
686,572,"KL23T9633","Nissan","Magnite",26-7-2025 12:01:34
687,573,"KL23V6587","Renault","Kiger",26-7-2025 12:01:34
688,574,"KL23K8597","Maruti Suzuki","Ritz",26-7-2025 12:01:34
689,575,"KL23L6030","Hyundai","Xcent",26-7-2025 12:01:34
690,576,"KL61F7339","Maruti Suzuki","Alto",26-7-2025 12:01:34
691,576,"KL61A0004","Toyota","Innova",26-7-2025 12:01:34
692,577,"KL29M6459","Volkswagen","Polo",26-7-2025 12:01:34
693,578,"KL02AJ1252","Hyundai","Eon",26-7-2025 12:01:34
694,579,"KL08AU505","Nissan","Micra",26-7-2025 12:01:34
695,580,"KL23J9921","Maruti Suzuki","Swift",26-7-2025 12:01:34
696,581,"KL61B2893","Hyundai","I20",26-7-2025 12:01:34
697,582,"KL07BD6260","Toyota","Innova",26-7-2025 12:01:34
698,582,"KL23P5906","Toyota","Innova",26-7-2025 12:01:34
699,583,"KL23P3907","Honda","City",26-7-2025 12:01:34
700,584,"KL23B9763","Hyundai","Santro",26-7-2025 12:01:34
701,585,"KL01BR2311","Maruti Suzuki","Ritz",26-7-2025 12:01:34
702,586,"KL02AD9356","Maruti Suzuki","Alto",26-7-2025 12:01:34
703,587,"KL23F2001","Toyota","Etios",26-7-2025 12:01:34
704,588,"KL23C5552","Hyundai","I10",26-7-2025 12:01:34
705,589,"KL01BB9030","Tata","Indica Vista",26-7-2025 12:01:34
706,590,"KL46H1040","Maruti Suzuki","Ritz",26-7-2025 12:01:34
707,591,"KL23A9192","Hyundai","I10",26-7-2025 12:01:34
708,592,"KL56L7543","Volkswagen","Polo",26-7-2025 12:01:34
709,593,"KL23C2914","Hyundai","I10",26-7-2025 12:01:34
710,594,"KL677132","Hyundai","I20",26-7-2025 12:01:34
711,595,"KL16S0497","Honda","City",26-7-2025 12:01:34
712,596,"KL23N7606","Mahindra","Xuv 500",26-7-2025 12:01:34
713,597,"KL01AW5408","Maruti Suzuki","Swift",26-7-2025 12:01:34
714,598,"KL35D0040","Force","Force One",26-7-2025 12:01:34
715,599,"KL23F3717","Maruti Suzuki","Wagon R",26-7-2025 12:01:34
716,600,"KL23J3987","Volkswagen","Jetta",26-7-2025 12:01:34
717,601,"KL32J0611","Renault","Kwid",26-7-2025 12:01:34
718,602,"KL02M5522","Hyundai","Santro Xing",26-7-2025 12:01:34
719,603,"KL30C3666","Maruti Suzuki","Swift",26-7-2025 12:01:34
720,604,"KL23C0115","Tata","Indica Vista",26-7-2025 12:01:34
721,605,"KL02AE5764","Maruti Suzuki","Swift",26-7-2025 12:01:34
722,606,"KL23J7857","Nissan","Sunny",26-7-2025 12:01:34
723,607,"KL05AM5432","Fiat","Punto",26-7-2025 12:01:34
724,607,"KL39C2465","Fiat","Punto",26-7-2025 12:01:34
725,608,"KL01CF0004","Toyota","Fortuner",26-7-2025 12:01:34
726,609,"KL23P5666","Mahindra","Bolero Pickup",26-7-2025 12:01:34
727,610,"KL13AK6868","Honda","City",26-7-2025 12:01:34
728,611,"KL33E1669","Volkswagen","Polo",26-7-2025 12:01:34
729,612,"KL238345","Maruti Suzuki","Swift",26-7-2025 12:01:34
730,613,"KL55AC708","Toyota","Corolla Altis",26-7-2025 12:01:34
731,614,"KL17G7795","Hyundai","Verna",26-7-2025 12:01:34
732,615,"KL02AG1501","Hyundai","I20",26-7-2025 12:01:34
733,615,"KL11AG6346","Hyundai","I10",26-7-2025 12:01:34
734,616,"KL41E7860","Toyota","Corolla Altis",26-7-2025 12:01:34
735,616,"KL23U4224","Mahindra","Xuv 300",26-7-2025 12:01:34
736,617,"KA53C1061","Nissan","Sunny",26-7-2025 12:01:34
737,618,"KL23F6667","Hyundai","Verna",26-7-2025 12:01:34
738,619,"KL20E0009","Maruti Suzuki","Swift",26-7-2025 12:01:34
739,619,"KL23R2525","Honda","City",26-7-2025 12:01:34
740,620,"KL04Z6341","Mahindra","Xylo",26-7-2025 12:01:34
741,621,"KL23V6191","Maruti Suzuki","Wagon R",26-7-2025 12:01:34
742,622,"KL23M4033","Datsun","Redi-Go",26-7-2025 12:01:34
743,623,"KL23P4400","Honda","Amaze",26-7-2025 12:01:34
744,624,"KL23C5724","Hyundai","I10",26-7-2025 12:01:34
745,624,"KL60F2020","Volkswagen","Polo",26-7-2025 12:01:34
746,625,"KL02AQ9243","Hyundai","Eon",26-7-2025 12:01:34
747,626,"KL03AA8749","Maruti Suzuki","Swift",26-7-2025 12:01:34
748,626,"KL31E9686","Maruti Suzuki","Swift Dzire",26-7-2025 12:01:34
749,626,"KL29G8460","Fiat","Linea",26-7-2025 12:01:34
750,627,"KL03K0221","Maruti Suzuki","Wagon R",26-7-2025 12:01:34
751,628,"KL42E2223","Toyota","Etios",26-7-2025 12:01:34
752,629,"KL61C5459","Maruti Suzuki","Wagon R",26-7-2025 12:01:34
753,630,"KL231763","Maruti Suzuki","Alto",26-7-2025 12:01:34
754,631,"KL44F9417","Maruti Suzuki","Celerio",26-7-2025 12:01:34
755,631,"KL23G0081","Chevrolet","Beat",26-7-2025 12:01:34
756,632,"KL02AT3006","Maruti Suzuki","Swift",26-7-2025 12:01:34
757,632,"KL23H0456","Toyota","Etios",26-7-2025 12:01:34
758,632,"KL23V2111","Toyota","Innova",26-7-2025 12:01:34
759,633,"KL13Q7393","Maruti Suzuki","Swift",26-7-2025 12:01:34
760,634,"KL03AA2255","Toyota","Corolla Altis",26-7-2025 12:01:34
761,635,"KL02BA5068","Hyundai","Eon",26-7-2025 12:01:34
762,636,"KL27G6595","Hyundai","I20",26-7-2025 12:01:34
763,636,"KL659217","Chevrolet","Beat",26-7-2025 12:01:34
764,637,"KL23M7014","Hyundai","Eon",26-7-2025 12:01:34
765,637,"KL23M7041","Hyundai","Eon",26-7-2025 12:01:34
766,638,"KL07BY5428","Volkswagen","Vento",26-7-2025 12:01:34
767,639,"KL23Q6161","Renault","Captur",26-7-2025 12:01:34
768,640,"KL23F5021","Maruti Suzuki","Swift Dzire",26-7-2025 12:01:34
769,641,"KL33C5115","Hyundai","Verna",26-7-2025 12:01:34
770,641,"KL23R8899","Honda","City",26-7-2025 12:01:34
771,642,"KL65M3290","Toyota","Etios Liva",26-7-2025 12:01:34
772,643,"KL23V6066","Toyota","Innova",26-7-2025 12:01:34
773,644,"KL29K1668","Nissan","Terrano",26-7-2025 12:01:34
774,645,"KL02V0165","Maruti Suzuki","Zen",26-7-2025 12:01:34
775,646,"KL29M7820","Maruti Suzuki","Ciaz",26-7-2025 12:01:34
776,646,"KL34C6010","Hyundai","Verna",26-7-2025 12:01:34
777,647,"KL05AF4999","Chevrolet","Beat",26-7-2025 12:01:34
778,648,"KL23P6805","Hyundai","I20 Elite",26-7-2025 12:01:34
779,649,"KL23G9506","Maruti Suzuki","Swift",26-7-2025 12:01:34
780,650,"KL23P7335","Hyundai","Creta",26-7-2025 12:01:34
781,651,"KL23W2580","Tata","Tiago",26-7-2025 12:01:34
782,652,"KL268977","Maruti Suzuki","Wagon R",26-7-2025 12:01:34
783,653,"KL21K5586","Maruti Suzuki","Swift Dzire",26-7-2025 12:01:34
784,653,"KL01AM5522","Hyundai","Santro",26-7-2025 12:01:34
785,653,"KL02AV0496","Hyundai","I20",26-7-2025 12:01:34
786,653,"KL03U9005","Hyundai","Eon",26-7-2025 12:01:34
787,653,"KL03Z7807","Hyundai","I10",26-7-2025 12:01:34
788,653,"KL27C9990","Hyundai","I10",26-7-2025 12:01:34
789,653,"KL31N8298","Hyundai","Grand I10",26-7-2025 12:01:34
790,653,"KL01CG2986","Toyota","Innova Crysta",26-7-2025 12:01:34
791,653,"KL01BW4000","Renault","Duster",26-7-2025 12:01:34
792,654,"KL23K9911","Hyundai","I20",26-7-2025 12:01:34
793,655,"KL23D5509","Hyundai","I20",26-7-2025 12:01:34
794,656,"KL02AB5177","Maruti Suzuki","Alto",26-7-2025 12:01:34
795,657,"KL631883","Ford","Figo",26-7-2025 12:01:34
796,658,"KL23M0797","Maruti Suzuki","Wagon R",26-7-2025 12:01:34
797,658,"KL61A2365","Maruti Suzuki","Alto 800",26-7-2025 12:01:34
798,658,"KL25J5029","Hyundai","I20",26-7-2025 12:01:34
799,658,"KL02AP8686","Chevrolet","Beat",26-7-2025 12:01:34
800,658,"KL03Y2967","Nissan","Micra",26-7-2025 12:01:34
801,659,"KL23D2055","Chevrolet","Captiva",26-7-2025 12:01:34
802,660,"KL25A6375","Maruti Suzuki","Omni",26-7-2025 12:01:34
803,661,"KL01AZ3835","Volkswagen","Polo",26-7-2025 12:01:34
804,661,"KL40E2462","Volkswagen","Polo",26-7-2025 12:01:34
805,662,"KL03AC1413","Hyundai","Creta",26-7-2025 12:01:34
806,662,"KL21N7948","Toyota","Corolla Altis",26-7-2025 12:01:34
807,662,"KL29L8164","Toyota","Etios Liva",26-7-2025 12:01:34
808,663,"KL08AD3047","Maruti Suzuki","800",26-7-2025 12:01:34
809,664,"KL23H1919","Honda","Amaze",26-7-2025 12:01:34
810,665,"KL02H3668","Maruti Suzuki","800",26-7-2025 12:01:34
811,666,"KL238000","Toyota","Innova",26-7-2025 12:01:34
812,667,"KL31Q7177","Tata","Tiago",26-7-2025 12:01:34
813,668,"KL23U7594","Renault","Triber",26-7-2025 12:01:34
814,669,"KL24C1414","Maruti Suzuki","Swift Dzire",26-7-2025 12:01:34
815,670,"KL44H0608","Toyota","Innova",26-7-2025 12:01:34
816,671,"KL05Y6171","Toyota","Innova",26-7-2025 12:01:34
817,672,"KL24C4326","Maruti Suzuki","Swift Dzire",26-7-2025 12:01:34
818,673,"KA09MB8599","Hyundai","I20",26-7-2025 12:01:34
819,674,"HR26CN7417","Toyota","Corolla Altis",26-7-2025 12:01:34
820,675,"KL23W0140","Maruti Suzuki","Swift",26-7-2025 12:01:34
821,676,"KL23B2145","Maruti Suzuki","Alto",26-7-2025 12:01:34
822,677,"KL23M3519","Renault","Kwid",26-7-2025 12:01:34
823,678,"KL29G1729","Volkswagen","Polo",26-7-2025 12:01:34
824,679,"KL23H4343","Maruti Suzuki","Swift",26-7-2025 12:01:34
825,680,"KL02BE8007","Hyundai","Verna Fluidic",26-7-2025 12:01:34
826,680,"KL02AC7008","Toyota","Innova",26-7-2025 12:01:34
827,681,"KL01CB5294","Maruti Suzuki","Ignis",26-7-2025 12:01:34
828,682,"KL23N7711","Maruti Suzuki","Swift Dzire",26-7-2025 12:01:34
829,683,"KL01BC4010","Tata","Safari",26-7-2025 12:01:34
830,684,"KL682002","Hyundai","Verna",26-7-2025 12:01:34
831,685,"KL07L2392","Maruti Suzuki","Omini",26-7-2025 12:01:34
832,685,"KL23X0202","Toyota","Innova",26-7-2025 12:01:34
833,685,"KL23B4765","Mahindra","Xylo",26-7-2025 12:01:34
834,686,"KL24A0993","Hyundai","Santro",26-7-2025 12:01:34
835,687,"KL27G4382","Maruti Suzuki","Swift",26-7-2025 12:01:34
836,688,"KL23N1199","Renault","Kwid",26-7-2025 12:01:34
837,689,"KL23D8018","Maruti Suzuki","Alto",26-7-2025 12:01:34
838,690,"KL34A5202","Honda","City",26-7-2025 12:01:34
839,691,"KL60J7575","Toyota","Corolla Altis",26-7-2025 12:01:34
840,692,"KL23P9055","Maruti Suzuki","Omini",26-7-2025 12:01:34
841,692,"KL23L4638","Hyundai","Eon",26-7-2025 12:01:34
842,692,"KL53D7186","Mahindra","Bolero Pickup",26-7-2025 12:01:34
843,692,"KL02BL0676","Tata","Super Ace",26-7-2025 12:01:34
844,693,"KL29C9760","Fiat","Punto",26-7-2025 12:01:34
845,694,"DL3CBD7963","Toyota","Fortuner",26-7-2025 12:01:34
846,695,"KL02AP3389","Maruti Suzuki","Swift",26-7-2025 12:01:34
847,696,"KL235499","Chevrolet","Optra",26-7-2025 12:01:34
848,697,"KL311144","Hyundai","Santro",26-7-2025 12:01:34
849,698,"KL01BC4140","Hyundai","I20",26-7-2025 12:01:34
850,698,"KL52M7005","Toyota","Innova",26-7-2025 12:01:34
851,698,"KL46H3983","Mahindra","Bolero",26-7-2025 12:01:34
852,698,"KL07BR2802","Mercedes","Benz",26-7-2025 12:01:34
853,699,"KL23E0379","Tata","Indica Vista",26-7-2025 12:01:34
854,700,"KL26E4555","Hyundai","Verna Fluidic",26-7-2025 12:01:34
855,701,"KL01BJ9555","Volkswagen","Polo",26-7-2025 12:01:34
856,702,"KL54N1261","Hyundai","Grand I10 Nios",26-7-2025 12:01:34
857,703,"KL02AD1069","Maruti Suzuki","Wagon R",26-7-2025 12:01:34
858,704,"KL23D1345","Hyundai","I10",26-7-2025 12:01:34
859,705,"KL30F2955","Renault","Kwid",26-7-2025 12:01:34
860,706,"KL23A1662","Maruti Suzuki","Alto",26-7-2025 12:01:34
861,707,"KL34B8450","Hyundai","Eon",26-7-2025 12:01:34
862,708,"KL05AA1761","Maruti Suzuki","Swift Dzire",26-7-2025 12:01:34
863,709,"KL01BH9779","Maruti Suzuki","Swift",26-7-2025 12:01:34
864,710,"KL23Q9246","Volkswagen","Polo",26-7-2025 12:01:34
865,711,"KL04N6917","Maruti Suzuki","Alto",26-7-2025 12:01:34
867,712,"KL29K7911","Maruti Suzuki","Swift",26-7-2025 12:01:34
868,712,"KL42F1809","Maruti Suzuki","Swift",26-7-2025 12:01:34
869,712,"KL04AE1188","Toyota","Innova",26-7-2025 12:01:34
870,713,"KL31G0909","Audi","A6",26-7-2025 12:01:34
871,714,"KL23D1491","Maruti Suzuki","Swift Dzire",26-7-2025 12:01:34
872,715,"KL27J4500","Hyundai","I20",26-7-2025 12:01:34
873,716,"KL01BG1122","Mahindra","Xuv 500",26-7-2025 12:01:34
874,717,"KL23P5001","Maruti Suzuki","Baleno",26-7-2025 12:01:34
875,718,"KL53F2201","Hyundai","Eon",26-7-2025 12:01:34
876,719,"KL23K6108","Chevrolet","Sail",26-7-2025 12:01:34
877,720,"KL31D9153","Toyota","Etios",26-7-2025 12:01:34
878,721,"KL50J6755","Maruti Suzuki","Brezza",26-7-2025 12:01:34
879,722,"KL61A3226","Maruti Suzuki","Swift Dzire",26-7-2025 12:01:34
880,722,"KL05S9099","Hyundai","Santro Xing",26-7-2025 12:01:34
881,723,"KL33E0003","Toyota","Fortuner",26-7-2025 12:01:34
882,724,"KL23N4227","Renault","Kwid",26-7-2025 12:01:34
883,725,"KL31E6913","Maruti Suzuki","Swift",26-7-2025 12:01:34
884,726,"KL17W1526","Maruti Suzuki","Swift Dzire",26-7-2025 12:01:34
885,727,"KL09R7437","Maruti Suzuki","Alto",26-7-2025 12:01:34
886,728,"KL860325","Tata","Altroz",26-7-2025 12:01:34
887,729,"KL23G6572","Maruti Suzuki","Ritz",26-7-2025 12:01:34
888,730,"KL31H4600","Toyota","Innova",26-7-2025 12:01:34
889,731,"KL41N0639","Mahindra","Tuv 300",26-7-2025 12:01:34
890,732,"KL23U1642","Tata","Altroz",26-7-2025 12:01:34
891,733,"KL45E9080","Toyota","Qualis",26-7-2025 12:01:34
892,734,"KL01AL3708","Maruti Suzuki","Zen",26-7-2025 12:01:34
893,735,"KL02R960","Hyundai","Santro",26-7-2025 12:01:34
894,736,"KL23K9256","Hyundai","I20",26-7-2025 12:01:34
895,737,"KL21E1418","Hyundai","I10",26-7-2025 12:01:34
896,738,"KL10AD9145","Toyota","Corolla",26-7-2025 12:01:34
897,739,"DL12CM1925","Tata","Hexa",26-7-2025 12:01:34
898,739,"KL03AC3533","Chevrolet","Beat",26-7-2025 12:01:34
899,740,"KL07DB8009","Mitsubishi","Pajero",26-7-2025 12:01:34
900,741,"KL23A0033","Maruti Suzuki","Swift",26-7-2025 12:01:34
901,742,"KL23T1001","Kia","Seltos",26-7-2025 12:01:34
902,743,"KL05P3803","Maruti Suzuki","Zen",26-7-2025 12:01:34
903,743,"KL55E8300","Mercedes","Benz",26-7-2025 12:01:34
904,744,"KL11U8000","Hyundai","Santro",26-7-2025 12:01:34
905,745,"KL23N3553","Renault","Duster",26-7-2025 12:01:34
906,746,"KL23C8186","Maruti Suzuki","Zen Estilo",26-7-2025 12:01:34
907,747,"KA03ND6324","Nissan","Terrano",26-7-2025 12:01:34
908,748,"KL23F4996","Hyundai","Santro",26-7-2025 12:01:34
909,748,"KL367200","Honda","City",26-7-2025 12:01:34
910,749,"KL31F9993","Hyundai","Verna Fluidic",26-7-2025 12:01:34
911,749,"KL04R9333","Tata","Indica",26-7-2025 12:01:34
912,750,"KL23A8998","Maruti Suzuki","Swift",26-7-2025 12:01:34
913,751,"KL05AA5470","Hyundai","Santro",26-7-2025 12:01:34
914,752,"KL29T1329","Hyundai","Santro",26-7-2025 12:01:34
915,753,"KL23D0003","Chevrolet","Beat",26-7-2025 12:01:34
916,754,"KL31Q8990","Kia","Sonet",26-7-2025 12:01:34
917,755,"KL03T0768","Chevrolet","Beat",26-7-2025 12:01:34
918,756,"KL23K4679","Hyundai","Eon",26-7-2025 12:01:34
919,757,"KL23R8228","Renault","Kwid",26-7-2025 12:01:34
920,758,"KL01AJ0909","Toyota","Innova",26-7-2025 12:01:34
921,759,"KL312921","Maruti Suzuki","Alto",26-7-2025 12:01:34
922,760,"KL40V0451","Toyota","Corolla Altis",26-7-2025 12:01:34
923,761,"KL22G2184","Maruti Suzuki","Swift",26-7-2025 12:01:34
924,761,"KL07AG9283","Hyundai","Accent",26-7-2025 12:01:34
925,762,"KL23F4444","Toyota","Corolla Altis",26-7-2025 12:01:34
926,763,"KL23L1079","Maruti Suzuki","Swift",26-7-2025 12:01:34
927,764,"KL23F3553","Maruti Suzuki","Swift",26-7-2025 12:01:34
928,764,"KL23M0787","Maruti Suzuki","Ciaz",26-7-2025 12:01:34
929,765,"KL02AG6876","Maruti Suzuki","Swift Dzire",26-7-2025 12:01:34
930,766,"KL23W6002","Maruti Suzuki","Swift",26-7-2025 12:01:34
931,767,"TN75AJ8733","Toyota","Etios Liva",26-7-2025 12:01:34
932,768,"KL23Q9192","Toyota","Corolla Altis",26-7-2025 12:01:34
933,768,"KL23X7793","Tata","Punch",26-7-2025 12:01:34
934,769,"KL23N0222","Skoda","Rapid",26-7-2025 12:01:34
935,770,"KL24P7865","Maruti Suzuki","Celerio",26-7-2025 12:01:34
936,771,"KL26M6084","Maruti Suzuki","Swift",26-7-2025 12:01:34
937,772,"KL05U7777","Mercedes","Benz",26-7-2025 12:01:34
938,773,"KL24M1111","Mahindra","Xuv 500",26-7-2025 12:01:34
939,774,"KL02AJ3522","Chevrolet","Beat",26-7-2025 12:01:34
940,775,"KL29R7887","Tata","Winger",26-7-2025 12:01:34
941,776,"KL25F1117","Nissan","Sunny",26-7-2025 12:01:34
942,777,"KL23C3995","Maruti Suzuki","Alto",26-7-2025 12:01:34
943,778,"KL44H6008","Toyota","Innova",26-7-2025 12:01:34
944,779,"KL23K4974","Maruti Suzuki","Swift Dzire",26-7-2025 12:01:34
945,779,"KL23E8878","Mahindra","Maxima",26-7-2025 12:01:34
946,779,"KL23P4521","Mahindra","Thar",26-7-2025 12:01:34
947,780,"KL22H4423","Hyundai","Creta",26-7-2025 12:01:34
948,781,"KL23D2997","Maruti Suzuki","Swift Dzire",26-7-2025 12:01:34
949,782,"KL44B7177","Volkswagen","Polo",26-7-2025 12:01:34
950,782,"KL01AS7878","Skoda","Laura",26-7-2025 12:01:34
951,783,"KL619874","Maruti Suzuki","Eeco",26-7-2025 12:01:34
952,784,"KL07BV8088","Hyundai","Verna Fludic",26-7-2025 12:01:34
953,784,"KL38L5083","Mercedes","Benz",26-7-2025 12:01:34
954,785,"KL23M8124","Hyundai","Verna",26-7-2025 12:01:34
955,786,"KL22A1883","Maruti Suzuki","Alto",26-7-2025 12:01:34
956,787,"KL29E7237","Toyota","Innova",26-7-2025 12:01:34
957,788,"KL29H9595","Honda","Mobilio",26-7-2025 12:01:34
958,789,"KL23H1709","Maruti Suzuki","Swift Dzire",26-7-2025 12:01:34
959,790,"KL29E0414","Volkswagen","Vento",26-7-2025 12:01:34
960,791,"KL02AL8017","Maruti Suzuki","Ertiga",26-7-2025 12:01:34
961,792,"KL24C1501","Maruti Suzuki","Alto",26-7-2025 12:01:34
962,793,"KL01BG7997","Ford","Figo",26-7-2025 12:01:34
963,794,"KL23V1015","Mahindra","Xuv 500",26-7-2025 12:01:34
964,795,"KL23G7399","Maruti Suzuki","Swift",26-7-2025 12:01:34
965,795,"KL29H3510","Maruti Suzuki","Celerio",26-7-2025 12:01:34
966,796,"KL22J0013","Hyundai","Creta",26-7-2025 12:01:34
967,796,"KL54K0917","Hyundai","I20",26-7-2025 12:01:34
968,796,"KL37F3192","Toyota","Innova",26-7-2025 12:01:34
969,797,"KL41D1769","Fiat","Punto",26-7-2025 12:01:34
970,798,"KL01AT8199","Ford","Fiesta",26-7-2025 12:01:34
971,799,"KL02AD5349","Maruti Suzuki","Alto",26-7-2025 12:01:34
972,800,"DL09CAU2522","Audi","A4",26-7-2025 12:01:34
973,801,"KL02W8568","Hyundai","Santro Xing",26-7-2025 12:01:34
974,801,"KL07BS8294","Volkswagen","Vento",26-7-2025 12:01:34
975,801,"KL24T7376","Mahindra","Verito",26-7-2025 12:01:34
976,802,"KL02BP2859","Tata","Harrier",26-7-2025 12:01:34
977,803,"KL13Y5445","Volkswagen","Jetta",26-7-2025 12:01:34
978,804,"KL01CF7667","Hyundai","I20",26-7-2025 12:01:34
979,805,"KL08BC9883","Hyundai","Grand I10",26-7-2025 12:01:34
980,806,"KL04AN3111","Honda","City",26-7-2025 12:01:34
981,807,"KL02AH5761","Volkswagen","Vento",26-7-2025 12:01:34
982,808,"KL07BR2069","Volkswagen","Vento",26-7-2025 12:01:34
983,809,"KL23L8162","Maruti Suzuki","Swift",26-7-2025 12:01:34
984,810,"KL23N9704","Renault","Kwid",26-7-2025 12:01:34
985,811,"KL2AE1333","Ford","Fiesta",26-7-2025 12:01:34
986,812,"KL05AH771","Hyundai","I20",26-7-2025 12:01:34
987,813,"KL23L3042","Maruti Suzuki","Alto 800",26-7-2025 12:01:34
988,814,"KL673026","Nissan","Micra",26-7-2025 12:01:34
989,815,"RAHUL EECO","Maruti Suzuki","Eeco",26-7-2025 12:01:34
990,816,"KL23Q1986","Maruti Suzuki","Brezza",26-7-2025 12:01:34
991,817,"KL23K0228","Toyota","Innova",26-7-2025 12:01:34
992,818,"KL05V1551","Maruti Suzuki","Baleno",26-7-2025 12:01:34
993,819,"KL25A5657","Toyota","Innova",26-7-2025 12:01:34
994,820,"KL23L9393","Honda","Amaze",26-7-2025 12:01:34
995,821,"KL23H9762","Chevrolet","Sail U-Va",26-7-2025 12:01:34
996,822,"KL437178","Chevrolet","Aveo",26-7-2025 12:01:34
997,823,"KL02N7477","Maruti Suzuki","Zen",26-7-2025 12:01:34
998,824,"KL08AJ4399","Maruti Suzuki","Baleno",26-7-2025 12:01:34
999,825,"KL17Z4761","Maruti Suzuki","Wagon R",26-7-2025 12:01:34
1000,825,"KL02K2777","Mercedes","Benz",26-7-2025 12:01:34
1001,825,"KL23K0607","Renault","Duster",26-7-2025 12:01:34
1002,825,"KL413492","Mercedes","Benz 124",26-7-2025 12:01:34
1003,825,"KL11D4293","Mercedes","Benz 123",26-7-2025 12:01:34
1004,826,"KL04P6523","Maruti Suzuki","Zen",26-7-2025 12:01:34
1005,826,"KL01AY0745","Chevrolet","Beat",26-7-2025 12:01:34
1006,827,"KL61D3797","Hyundai","I20 Elite",26-7-2025 12:01:34
1007,827,"KL02AH0562","Fiat","Punto",26-7-2025 12:01:34
1008,828,"KL36C7632","Ford","Figo",26-7-2025 12:01:34
1009,829,"KL23U7272","Toyota","Fortuner",26-7-2025 12:01:34
1010,830,"KL61A9546","Maruti Suzuki","Alto",26-7-2025 12:01:34
1011,831,"KL04AE0111","Toyota","Innova",26-7-2025 12:01:34
1012,832,"KL21P7572","Hyundai","Verna Fluidic",26-7-2025 12:01:34
1013,833,"KL11AG767","Maruti Suzuki","A Star",26-7-2025 12:01:34
1014,834,"KL23C0377","Fiat","Linea",26-7-2025 12:01:34
1015,835,"MH15BX9466","Suzuki","Grand Vitara",26-7-2025 12:01:34
1016,836,"KL27A0108","Toyota","Innova",26-7-2025 12:01:34
1017,837,"KL23K3507","Honda","City",26-7-2025 12:01:34
1018,838,"KL26F9291","Maruti Suzuki","Celerio",26-7-2025 12:01:34
1019,839,"KL29B3211","Hyundai","Santro",26-7-2025 12:01:34
1020,840,"KL619707","Maruti Suzuki","Swift",26-7-2025 12:01:34
1021,841,"KL36A3586","Maruti Suzuki","Swift Dzire",26-7-2025 12:01:34
1022,842,"KL23L3180","Hyundai","I20",26-7-2025 12:01:34
1023,843,"KL07BQ2187","Maruti Suzuki","Eeco",26-7-2025 12:01:34
1024,844,"KL01BJ0941","Toyota","Etios",26-7-2025 12:01:34
1025,845,"KL23T0492","Volkswagen","Polo",26-7-2025 12:01:34
1026,846,"KL01CB8610","Honda","City",26-7-2025 12:01:34
1027,847,"KL29J1380","Maruti Suzuki","Swift",26-7-2025 12:01:34
1028,847,"KL31L1466","Maruti Suzuki","Alto 800",26-7-2025 12:01:34
1029,847,"KL35J7181","Maruti Suzuki","Ertiga",26-7-2025 12:01:34
1030,848,"KL23J0564","Maruti Suzuki","Swift",26-7-2025 12:01:34
1031,849,"KL04X8658","Maruti Suzuki","Wagon R",26-7-2025 12:01:34
1032,850,"KL23E9327","Hyundai","Eon",26-7-2025 12:01:34
1033,851,"KL62A2777","Volkswagen","Jetta",26-7-2025 12:01:34
1034,852,"KL02AH3993","Maruti Suzuki","Swift",26-7-2025 12:01:34
1035,852,"KL02AR9943","Ford","Figo",26-7-2025 12:01:34
1036,853,"KL01BB0159","Skoda","Fabia",26-7-2025 12:01:34
1037,854,"KL23D5881","Maruti Suzuki","Alto",26-7-2025 12:01:34
1038,855,"KL23C9408","Maruti Suzuki","Alto",26-7-2025 12:01:34
1039,856,"KL29D7180","Chevrolet","Beat",26-7-2025 12:01:34
1040,857,"HR30L9584","Toyota","Etios Liva",26-7-2025 12:01:34
1041,858,"KL02AA2112","Maruti Suzuki","Alto",26-7-2025 12:01:34
1042,859,"KL270220","Honda","City",26-7-2025 12:01:34
1043,860,"KL61D4567","Honda","City",26-7-2025 12:01:34
1044,861,"KL31D3637","Volkswagen","Polo",26-7-2025 12:01:34
1045,862,"KL51G1218","Maruti Suzuki","Wagon R",26-7-2025 12:01:34
1046,863,"KL01AW4264","Hyundai","Verna",26-7-2025 12:01:34
1047,864,"KL05AD0500","Toyota","Corolla Altis",26-7-2025 12:01:34
1048,865,"KL29C9268","Chevrolet","Beat",26-7-2025 12:01:34
1049,866,"KL29A6386","Maruti Suzuki","Alto",26-7-2025 12:01:34
1050,867,"KL26E1314","Maruti Suzuki","Swift",26-7-2025 12:01:34
1051,868,"KL23Q0886","Toyota","Camry",26-7-2025 12:01:34
1052,869,"KL23S5587","Volkswagen","Polo",26-7-2025 12:01:34
1053,870,"KL23P3878","Toyota","Etios Liva",26-7-2025 12:01:34
1054,871,"KL23C3675","Ford","Figo",26-7-2025 12:01:34
1055,872,"KL33C9213","Volkswagen","Vento",26-7-2025 12:01:34
1056,873,"KL61A3379","Chevrolet","Sail U-Va",26-7-2025 12:01:34
1057,874,"KL33C6420","Tata","Manza",26-7-2025 12:01:34
1058,875,"KL23N2663","Renault","Kwid",26-7-2025 12:01:34
1059,876,"KL23F5175","Ashok Leyland","Dost",26-7-2025 12:01:34
1060,877,"KL29K5325","Maruti Suzuki","Alto 800",26-7-2025 12:01:34
1061,877,"KL42A2185","Maruti Suzuki","Alto",26-7-2025 12:01:34
1062,878,"KL29F7273","Chevrolet","Beat",26-7-2025 12:01:34
1063,879,"KL02J7770","Maruti Suzuki","800",26-7-2025 12:01:34
1064,880,"KL05Z4316","Hyundai","Santro",26-7-2025 12:01:34
1065,881,"KL01BS4398","Maruti Suzuki","Swift",26-7-2025 12:01:34
1066,882,"KL23D5664","Maruti Suzuki","Swift Dzire",26-7-2025 12:01:34
1067,883,"KL02AE0698","Maruti Suzuki","Alto",26-7-2025 12:01:34
1068,884,"KL25G0317","Maruti Suzuki","Alto 800",26-7-2025 12:01:34
1069,885,"KL23L4746","Toyota","Corolla Altis",26-7-2025 12:01:34
1070,886,"KL30E4103","Hyundai","I20",26-7-2025 12:01:34
1071,887,"KL23L4908","Hyundai","Eon",26-7-2025 12:01:34
1072,887,"KL04AB7851","Chevrolet","Beat",26-7-2025 12:01:34
1073,888,"KL61B734","Tata","Ace",26-7-2025 12:01:34
1074,889,"KL01AK3464","Hyundai","Santro",26-7-2025 12:01:34
1075,889,"KL01BZ7759","Renault","Duster",26-7-2025 12:01:34
1076,890,"KL07CC5599","Mahindra","Xuv 500",26-7-2025 12:01:34
1077,891,"KL3P2533","Maruti Suzuki","Zen",26-7-2025 12:01:34
1078,892,"KL23E7024","Maruti Suzuki","Swift",26-7-2025 12:01:34
1079,893,"KL27K3320","Maruti Suzuki","Gypsy",26-7-2025 12:01:34
1080,894,"KL35E7575","Mahindra","Xuv 500",26-7-2025 12:01:34
1081,894,"KL45Q0180","Honda","BR-V",26-7-2025 12:01:34
1082,895,"KL25D0321","Chevrolet","Cruze",26-7-2025 12:01:34
1083,896,"KL04Y1429","Mahindra","Scorpio",26-7-2025 12:01:34
1084,897,"KL27A0808","Honda","City",26-7-2025 12:01:34
1085,898,"KL23N1193","Maruti Suzuki","Swift",26-7-2025 12:01:34
1086,898,"KL02X1936","Maruti Suzuki","800",26-7-2025 12:01:34
1087,899,"KL02AL1236","Maruti Suzuki","Swift",26-7-2025 12:01:34
1088,899,"KL04N7333","Honda","City",26-7-2025 12:01:34
1089,900,"KL31L8214","Mahindra","Tuv 300",26-7-2025 12:01:34
1090,901,"KL66B4491","Toyota","Innova",26-7-2025 12:01:34
1091,902,"KL20M1363","Hyundai","Eon",26-7-2025 12:01:34
1092,903,"KL23P3654","Maruti Suzuki","Wagon R",26-7-2025 12:01:34
1093,904,"KL03K5299","Mahindra","Scorpio",26-7-2025 12:01:34
1094,904,"MH04EX5817","Skoda","Laura",26-7-2025 12:01:34
1095,905,"KL33K8965","Volkswagen","Polo",26-7-2025 12:01:34
1096,906,"KL25P7607","Maruti Suzuki","Brezza",26-7-2025 12:01:34
1097,907,"KL16L4777","Toyota","Corolla Altis",26-7-2025 12:01:34
1098,908,"KL29M7861","Hyundai","Grand I10",26-7-2025 12:01:34
1099,908,"KL31E0099","Mahindra","Bolero",26-7-2025 12:01:34
1100,909,"KL02BK8480","Mahindra","Marazzo",26-7-2025 12:01:34
1101,910,"KL23T2435","Maruti Suzuki","Alto 800",26-7-2025 12:01:34
1102,911,"KL23H2965","Volkswagen","Vento",26-7-2025 12:01:34
1103,912,"KL25E6688","Volkswagen","Polo",26-7-2025 12:01:34
1104,913,"KL05AD7738","Maruti Suzuki","Swift",26-7-2025 12:01:34
1105,913,"KL01BH1446","Mahindra","Xuv 500",26-7-2025 12:01:34
1106,914,"KL08AF8857","Maruti Suzuki","Zen",26-7-2025 12:01:34
1107,914,"KL8AF8857","Maruti Suzuki","Zen",26-7-2025 12:01:34
1108,915,"KL04AL4200","Nissan","Sunny",26-7-2025 12:01:34
1109,916,"KL652121","Volkswagen","Polo",26-7-2025 12:01:34
1110,917,"KL29M8625","Honda","Jazz",26-7-2025 12:01:34
1111,918,"KL02AD5500","Fiat","Linea",26-7-2025 12:01:34
1112,919,"KL46D1177","Fiat","Punto",26-7-2025 12:01:34
1113,920,"KL04AK0238","Maruti Suzuki","Eeco",26-7-2025 12:01:34
1114,921,"KL05J7020","Mitsubishi","Lancer",26-7-2025 12:01:34
1115,922,"KL08BA5964","Maruti Suzuki","Swift Dzire",26-7-2025 12:01:34
1116,923,"KL20N5069","Hyundai","Eon",26-7-2025 12:01:34
1117,924,"KL06F4329","Honda","City",26-7-2025 12:01:34
1118,925,"KL29J7080","Maruti Suzuki","Wagon R",26-7-2025 12:01:34
1119,926,"KL30A1501","Ford","Fiesta",26-7-2025 12:01:34
1120,927,"KL31G0025","Maruti Suzuki","Swift",26-7-2025 12:01:34
1121,928,"KL01BK2525","Hyundai","Verna",26-7-2025 12:01:34
1122,929,"KL23Q0557","Maruti Suzuki","Alto 800",26-7-2025 12:01:34
1123,930,"KL21B6149","Maruti Suzuki","Alto",26-7-2025 12:01:34
1124,931,"KL02BE6695","Maruti Suzuki","Baleno",26-7-2025 12:01:34
1125,932,"KL23P8150","Maruti Suzuki","Brezza",26-7-2025 12:01:34
1126,933,"KL29E0567","Toyota","Corolla Altis",26-7-2025 12:01:34
1127,934,"KL23P8621","Hyundai","I20",26-7-2025 12:01:34
1128,935,"KL07BS6308","Chevrolet","Beat",26-7-2025 12:01:34
1129,936,"KL25A4959","Toyota","Innova",26-7-2025 12:01:34
1130,937,"KL23N8586","Tata","Hexa",26-7-2025 12:01:34
1131,938,"KL07AV6400","Honda","City",26-7-2025 12:01:34
1132,939,"KL23N7700","Hyundai","Creta",26-7-2025 12:01:34
1133,940,"KL283359","Hyundai","I10",26-7-2025 12:01:34
1134,941,"KL20F0099","Mahindra","Xuv 500",26-7-2025 12:01:34
1135,942,"KL04Y5734","Maruti Suzuki","Swift",26-7-2025 12:01:34
1136,942,"KL16Q5002","Volkswagen","Polo",26-7-2025 12:01:34
1137,943,"KL23C5727","Maruti Suzuki","Alto K10",26-7-2025 12:01:34
1138,943,"KL23L4942","Maruti Suzuki","Alto K10",26-7-2025 12:01:34
1139,943,"KL23N1987","Maruti Suzuki","Swift Dzire",26-7-2025 12:01:34
1140,943,"KL24P6066","Maruti Suzuki","Swift Dzire",26-7-2025 12:01:34
1141,943,"KL61E2994","Hyundai","Grand I10",26-7-2025 12:01:34
1142,943,"KL01BT7598","Toyota","Fortuner",26-7-2025 12:01:34
1143,943,"KL02AR5230","Toyota","Innova",26-7-2025 12:01:34
1145,943,"KL29P0015","Volkswagen","Polo",26-7-2025 12:01:34
1146,943,"KL23S8780","Tata","Tiago",26-7-2025 12:01:34
1147,944,"KL21Q9779","Tata","Tigor",26-7-2025 12:01:34
1148,945,"KL22G4242","Honda","City",26-7-2025 12:01:34
1149,946,"KL23K8448","Hyundai","I20 Elite",26-7-2025 12:01:34
1150,947,"KL23J5496","Maruti Suzuki","Swift",26-7-2025 12:01:34
1151,947,"KL23Q8905","Maruti Suzuki","Wagon R",26-7-2025 12:01:34
1152,947,"KL01AQ3029","Hyundai","Verna",26-7-2025 12:01:34
1153,947,"KL234853","Mahindra","Scorpio",26-7-2025 12:01:34
1154,947,"CH01AM0040","Bmw","Bmw",26-7-2025 12:01:34
1155,948,"KL23Q8228","Toyota","Yaris",26-7-2025 12:01:34
1156,949,"KL23C4839","Hyundai","Santro Xing",26-7-2025 12:01:34
1157,950,"KL23J9093","Hyundai","I20",26-7-2025 12:01:34
1158,951,"KL11AL0140","Volkswagen","Vento",26-7-2025 12:01:34
1159,952,"KL23F5428","Maruti Suzuki","Wagon R",26-7-2025 12:01:34
1160,953,"KL23Q3320","Maruti Suzuki","Celerio",26-7-2025 12:01:34
1161,954,"KL02BD8168","Hyundai","I20 Elite",26-7-2025 12:01:34
1162,955,"KL23E9767","Chevrolet","Beat",26-7-2025 12:01:34
1163,956,"KL02AB7985","Maruti Suzuki","Alto",26-7-2025 12:01:34
1164,957,"KL23H8298","Maruti Suzuki","Wagon R",26-7-2025 12:01:34
1165,958,"KL23N0072","Hyundai","Creta",26-7-2025 12:01:34
1166,959,"KL16K9788","Hyundai","Verna",26-7-2025 12:01:34
1167,959,"KL02AN0300","Volkswagen","Vento",26-7-2025 12:01:34
1168,960,"KL24B5502","Maruti Suzuki","Alto",26-7-2025 12:01:34
1169,961,"KL01AX3567","Hyundai","I10",26-7-2025 12:01:34
1170,962,"KL23P1138","Hyundai","Verna Fluidic",26-7-2025 12:01:34
1171,963,"KL9P3953","Maruti Suzuki","Swift",26-7-2025 12:01:34
1172,964,"KL31E1562","Hyundai","Santro",26-7-2025 12:01:34
1173,965,"KL23F4567","Maruti Suzuki","Swift Dzire",26-7-2025 12:01:34
1174,966,"KL33C3485","Volkswagen","Polo",26-7-2025 12:01:34
1175,967,"KL29A3456","Toyota","Innova",26-7-2025 12:01:34
1176,967,"KL11AJ6895","Volkswagen","Passat",26-7-2025 12:01:34
1177,968,"KL61B4079","Maruti Suzuki","Alto 800",26-7-2025 12:01:34
1178,969,"KL23D8147","Maruti Suzuki","Swift",26-7-2025 12:01:34
1179,970,"KL23C8658","Maruti Suzuki","Alto",26-7-2025 12:01:34
1180,971,"KL24D4248","Volkswagen","Vento",26-7-2025 12:01:34
1181,972,"KL23F4328","Toyota","Etios Liva",26-7-2025 12:01:34
1182,973,"KL03W2800","Maruti Suzuki","Swift Dzire",26-7-2025 12:01:34
1183,974,"KL23M2223","Maruti Suzuki","Celerio",26-7-2025 12:01:34
1184,974,"KL32D7003","Toyota","Corolla Altis",26-7-2025 12:01:34
1185,974,"KL23P7002","Honda","City",26-7-2025 12:01:34
1186,975,"KL02B5513","Mahindra","Scorpio",26-7-2025 12:01:34
1187,975,"KL02V5513","Mahindra","Scorpio",26-7-2025 12:01:34
1188,976,"KL42D0102","Honda","City",26-7-2025 12:01:34
1189,977,"KL61F1424","Mahindra","Xuv 500",26-7-2025 12:01:34
1190,978,"KL23C1896","Maruti Suzuki","Swift Dzire",26-7-2025 12:01:34
1191,979,"KL23H6646","Hyundai","Verna Fludic",26-7-2025 12:01:34
1192,980,"KL23M6543","Volkswagen","Ameo",26-7-2025 12:01:34
1193,981,"KL23R5053","Maruti Suzuki","Swift",26-7-2025 12:01:34
1194,982,"KL9F7644","Maruti Suzuki","Gypsy",26-7-2025 12:01:34
1195,983,"KL29K8136","Maruti Suzuki","Celerio",26-7-2025 12:01:34
1196,984,"KL17Q2879","Tata","Tiago",26-7-2025 12:01:34
1197,985,"KL61A2080","Hyundai","I20",26-7-2025 12:01:34
1198,986,"KL16H4555","Nissan","Sunny",26-7-2025 12:01:34
1199,987,"KL02AD3954","Tata","Indica Vista",26-7-2025 12:01:34
1200,988,"KL04AJ7257","Datsun","Datsun Go",26-7-2025 12:01:34
1201,989,"KL35B8055","Toyota","Corolla Altis",26-7-2025 12:01:34
1202,990,"KL23G0572","Mahindra","Xuv 500",26-7-2025 12:01:34
1203,991,"KL33D1352","Toyota","Etios",26-7-2025 12:01:34
1204,992,"KL23C5179","Hyundai","I10",26-7-2025 12:01:34
1205,993,"KL31C8832","Hyundai","120",26-7-2025 12:01:34
1206,994,"KL16R4684","Mahindra","Tuv 300",26-7-2025 12:01:34
1207,995,"KL32H2806","Maruti Suzuki","Ciaz",26-7-2025 14:09:19
1208,997,"KL23S5551","Volkswagen","Polo",26-7-2025 18:52:44
1209,484,"KL23M2333","Maruti Suzuki","Celerio",28-7-2025 12:41:15
1210,999,"KL29L9794","Hyundai","I20 Elite",29-7-2025 11:08:00
1211,1000,"KL23C5433","Maruti Suzuki","Alto",29-7-2025 13:10:44
1212,1001,"KL23J6465","Ford","Fiesta",29-7-2025 20:16:57
1213,1002,"KL11AR6690","Nissan","Sunny",29-7-2025 20:21:40
1214,807,"KL50C5700","Volkswagen","Jetta",30-7-2025 14:30:40
1215,899,"KL34B3053","Toyota","Etios",30-7-2025 17:19:42
1216,1005,"KL23B8431","Honda","civic",31-7-2025 14:45:49
1217,1006,"KL24S3460","Hyundai","Creta",31-7-2025 14:49:34
1218,1007,"KL32B8100","Maruti Suzuki","Ritz",31-7-2025 14:50:56
1219,1008,"KL27F0696","Volkswagen","Vento",31-7-2025 14:53:40
1220,1009,"KL23E6686","Chevrolet","Beat",31-7-2025 18:50:51
1221,1011,"KL23E0762","Maruti Suzuki","Alto",1-8-2025 18:34:26
1222,1012,"KL23S0782","Volkswagen","Polo",2-8-2025 13:45:59
1224,1013,"KL01BV4320","Hyundai","Creta",2-8-2025 14:34:26
1225,1014,"KL31A9000","Maruti Suzuki","Ritz",2-8-2025 18:59:53
1226,1006,"KL02G5004","Mercedes","Benz",4-8-2025 14:42:47
1227,1015,"KL07CN4787","Honda","City",4-8-2025 14:46:17
1228,1016,"KL02BK7980","Maruti Suzuki","Ertiga",4-8-2025 17:09:56
1230,1017,"KL01BA5200","Bmw","Bmw 520 D",5-8-2025 11:47:37
1231,1020,"KL04P4188","Maruti Suzuki","Alto",5-8-2025 13:03:17
1232,1021,"KL23Q5959","Ford","Ecosport",5-8-2025 13:13:08
1233,187,"KL33E4707","Volkswagen","Polo",6-8-2025 13:08:17
1236,1024,"KL23P3626","Maruti Suzuki","Swift Dzire",6-8-2025 18:48:17
1237,1025,"KL30B1531","Toyota","Etios",6-8-2025 18:58:44
1238,899,"KL02BK0799","Hyundai","Venue",6-8-2025 19:00:15
1239,1026,"KL23Q0911","Nissan","Micra",6-8-2025 19:02:34
1240,1027,"KL23J0852","Volkswagen","Polo",7-8-2025 14:02:25
1241,1028,"KL23Y2053","Mahindra","Xuv 500",8-8-2025 14:19:50
1242,1029,"KL05Y5827","Honda","City",8-8-2025 14:20:59
1243,196,"KL61A3939","Ford","Ecosport",8-8-2025 14:26:28
1244,1030,"KL01AV0600","Fiat","Linea",8-8-2025 14:30:31
1245,1031,"KL23J1888","Maruti Suzuki","Swift",9-8-2025 13:34:50
1246,976,"KL26C0212","Volkswagen","Vento",9-8-2025 13:37:13
1247,445,"KL20G5638","Maruti Suzuki","Swift",9-8-2025 17:06:44
1248,965,"KL61F9244","Mahindra","Xuv 300",9-8-2025 17:15:12
1249,1034,"KL23L2700","Mahindra","Xuv 500",9-8-2025 18:57:37
1250,835,"KL12N7027","Maruti Suzuki","Gypsy",9-8-2025 21:56:33
1251,1035,"KL23V6769","Maruti Suzuki","Celerio",11-8-2025 15:59:44
1252,908,"KL29F3968","Hyundai","I10",11-8-2025 16:01:04
1254,1037,"KL31U2358","Maruti Suzuki","Swift",13-8-2025 10:58:21
1255,1038,"KL20D7509","Maruti Suzuki","Swift",13-8-2025 12:59:50
1257,1040,"KL40B5979","Maruti Suzuki","Swift Dzire",13-8-2025 17:26:25
1258,1041,"KL61C3431","Honda","Jazz",13-8-2025 17:59:45
1259,1042,"KL23Q1468","Toyota","Etios Liva",13-8-2025 21:56:49
1260,1043,"KL05AF8481","Toyota","Etios",14-8-2025 14:45:14
1261,1044,"KL23H5043","Nissan","Sunny",15-8-2025 16:06:29
1262,1045,"KL31J7585","Hyundai","Creta",16-8-2025 11:58:25
1263,1046,"KL23H9433","Hyundai","Grand I10",16-8-2025 13:07:48
1264,1047,"KL23E9890","Maruti Suzuki","Swift",16-8-2025 13:10:21
1265,1048,"KL23F4283","Ford","Figo",17-8-2025 19:48:00
1266,1049,"KL29T0162","Tata","Harrier",19-8-2025 13:00:34
1267,436,"DL14CD6187","Maruti Suzuki","Ciaz",19-8-2025 14:30:19
1269,871,"UP80CH4800","Toyota","Innova",19-8-2025 15:04:23
1272,1050,"KL61A8778","Volkswagen","Vento",19-8-2025 15:13:02
1273,1054,"KL05U5454","Toyota","Innova",19-8-2025 15:22:49
1274,1055,"KL24T2345","Skoda","Rapid",21-8-2025 16:03:38
1275,1056,"KL23S4417","Honda","City",23-8-2025 14:38:15
1276,1013,"KL23G6001","Maruti Suzuki","Swift Dzire",25-8-2025 18:58:16
1277,1058,"KL01BK7860","Volkswagen","Vento",25-8-2025 19:35:01
1278,1059,"KL02BG3994","Maruti Suzuki","Swift Dzire",25-8-2025 19:40:21
1279,1060,"KL23S5099","Honda","City",25-8-2025 20:15:48
1280,1061,"KL29N4632","Maruti Suzuki","Wagon R",25-8-2025 20:50:40
1281,658,"KL40A9727","Hyundai","Accent",26-8-2025 11:40:54
1282,890,"KL29T3365","Maruti Suzuki","Wagon R",26-8-2025 11:42:20
1283,1064,"KL23F0146","Ford","Figo",26-8-2025 11:43:36
1284,1065,"KL24G7254","Maruti Suzuki","Alto 800",26-8-2025 12:53:41
1285,1066,"KL16K6504","Volkswagen","Vento",26-8-2025 15:19:53
1286,1005,"KL23J1010","Maruti Suzuki","Swift",27-8-2025 19:02:29
1288,92,"DL10CH8506","Ford","Ecosport",28-8-2025 20:25:13
1289,1067,"KL52B1881","Toyota","Innova",29-8-2025 15:18:23
1290,1068,"KL04AD5002","Volkswagen","Vento",30-8-2025 18:32:30
1291,1069,"KL23P5726","Maruti Suzuki","Swift Dzire",1-9-2025 15:53:17
1293,561,"KL62B7707","Honda","Jazz",1-9-2025 16:44:00
1294,836,"KL29G6363","Maruti Suzuki","Ertiga",1-9-2025 16:58:03
1295,540,"KL10BH8218","Toyota","Etios Liva",1-9-2025 17:03:16
1296,653,"KL31D3098","Maruti Suzuki","Ritz",1-9-2025 20:22:42
1297,930,"KL16E6322","Hyundai","Santro",2-9-2025 12:30:47
1299,1076,"KL03AA2843","Hyundai","I20",2-9-2025 17:19:33
1300,1077,"KL23G0046","Ford","Figo",2-9-2025 18:58:02
1301,1079,"KL23B7371","Hyundai","Santro",3-9-2025 11:20:24
1302,1070,"KL31B9570","Chevrolet","Beat",3-9-2025 16:52:38
1304,1082,"KL53M0450","Hyundai","Verna Fludic",11-9-2025 16:23:40
1305,1083,"KL33D5634","Hyundai","I10",12-9-2025 10:57:38
1306,244,"KL28B0331","Hyundai","Elantra",12-9-2025 14:27:11
1307,779,"KL29M4318","Maruti Suzuki","Swift",12-9-2025 14:28:10
1308,1084,"KL20B2889","Volkswagen","Jetta",12-9-2025 14:29:36
1309,1085,"KL46H1131","Maruti Suzuki","Swift",12-9-2025 14:32:17
1310,1086,"KL02AF5054","Chevrolet","Beat",12-9-2025 14:34:25
1311,1087,"KL07BE8330","Honda","civic",12-9-2025 14:40:04
1312,1088,"KL619740","Nissan","Sunny",12-9-2025 14:41:34
1313,1089,"KL23R0901","Renault","Kwid",12-9-2025 14:44:09
1314,1090,"KL24R6146","Tata","iris",12-9-2025 14:55:15
1315,1091,"KL23B7700","Hyundai","Verna",12-9-2025 15:04:43
1316,1092,"KL23C0564","Hyundai","Santro",12-9-2025 18:08:14
1317,16,"KL29K0990","Hyundai","Creta",12-9-2025 18:38:38
1318,1093,"KL343720","Hyundai","Santro",13-9-2025 13:09:28
1319,1094,"KL30A4986","Skoda","Laura",13-9-2025 18:56:31
1320,1095,"KL23N7248","Hyundai","120",15-9-2025 17:06:07
1321,177,"KL23J4372","Toyota","Innova",15-9-2025 18:19:00
1322,1096,"KL65T3150","Toyota","Etios Liva",15-9-2025 18:25:09
1323,1097,"KL23B7817","Honda","City",15-9-2025 18:28:10
1327,1100,"KL23D0190","Maruti Suzuki","Ritz",15-9-2025 21:07:03
1328,1102,"KL61D2272","Hyundai","I10",15-9-2025 21:10:02
1329,1104,"KL31D7061","Maruti Suzuki","Alto",16-9-2025 12:17:39
1330,1105,"KL23J8696","Volkswagen","Polo",16-9-2025 13:18:50
1331,1107,"KL02AD3303","Maruti Suzuki","Swift Dzire",18-9-2025 19:05:17
1332,1108,"KL23D2074","Hyundai","Santro",18-9-2025 19:19:31
1334,1110,"KL01BB1066","Tata","Manza",22-9-2025 15:29:29
1335,1111,"KL64L6409","Nissan","Sunny",22-9-2025 15:31:57
1336,1112,"KL03AA9774","Toyota","Camry",22-9-2025 15:33:31
1337,1113,"KL47C8989","Mahindra","Xuv 500",22-9-2025 15:36:58
1338,1114,"KL03R7028","Toyota","Innova",22-9-2025 15:55:27
1339,1115,"KL23V8035","Renault","Duster",23-9-2025 17:43:58
1340,1116,"KL10AY6331","Toyota","Corolla Altis",23-9-2025 17:45:12
1341,92,"HR26CR9990","Toyota","Fortuner",23-9-2025 20:35:22
1342,1119,"KL02AN3467","Hyundai","120",25-9-2025 17:58:24
1343,1120,"KL33J2215","Renault","Kwid",25-9-2025 18:29:43
1344,1121,"KL02AP8615","Hyundai","Eon",26-9-2025 21:19:32
1345,1122,"KL05AB2511","Maruti Suzuki","Swift",29-9-2025 18:04:25
1346,1123,"KL23N6438","Maruti Suzuki","Omni",29-9-2025 18:06:48
1347,1124,"KL39B3001","Fiat","Linea",29-9-2025 18:09:25
1348,1125,"KL38A6877","Volkswagen","Jetta",29-9-2025 18:17:45
1349,1127,"KL23T4840","Hyundai","Grand I10",2-10-2025 16:24:35
1350,588,"KL05AM9559","Mahindra","Xuv 500",4-10-2025 14:40:40
1351,260,"KL05AB6631","Toyota","Corolla Altis",4-10-2025 15:05:47
1352,1130,"KL02AJ1424","Volkswagen","Vento",4-10-2025 15:08:11
1353,1132,"KL23M3322","Volkswagen","Ameo",4-10-2025 15:09:28
1355,631,"KL23B5533","Mahindra","Scorpio",6-10-2025 16:03:12
1356,1133,"KL23Q1949","Maruti Suzuki","Wagon R",6-10-2025 17:59:27
1357,1134,"KL23J6570","Maruti Suzuki","Wagon R",6-10-2025 18:09:17
1358,899,"KL23W2777","Toyota","Corolla Altis",6-10-2025 18:48:40
1359,1135,"KL23F7452","Ford","Figo",6-10-2025 18:50:08
1360,1136,"KL23F8998","Toyota","Corolla Altis",6-10-2025 21:08:11
1361,244,"KL23P0046","Skoda","Rapid",7-10-2025 13:09:35
1362,1137,"KL49D7439","Maruti Suzuki","Swift Dzire",7-10-2025 13:10:57
1363,322,"KL23F0916","Toyota","Etios",7-10-2025 13:20:45
1364,742,"KL30E0700","Toyota","Innova",9-10-2025 15:19:21
1365,1141,"KL02AJ0180","Hyundai","Verna",9-10-2025 16:44:05
1366,1142,"KL66A5683","Mahindra","kuv 300",9-10-2025 17:47:21
1367,1143,"KL23H0090","Maruti Suzuki","Swift Dzire",11-10-2025 18:23:14
1368,1143,"KL26E8425","Maruti Suzuki","Swift",11-10-2025 18:24:58
1369,1144,"KL23T7311","Kia","Seltos",11-10-2025 21:16:56
1370,392,"KL07BU8055","Toyota","Innova",11-10-2025 21:18:22
1371,1145,"KL23Q2420","Hyundai","Creta",13-10-2025 13:18:42
1372,1146,"KL25E0100","Maruti Suzuki","Swift",13-10-2025 13:29:37
1373,1147,"KL01CB0157","Maruti Suzuki","Ciaz",13-10-2025 13:31:13
1374,392,"KL23Y3982","Toyota","Innova",13-10-2025 13:35:40
1375,1149,"KL23H2767","Chevrolet","Beat",14-10-2025 15:57:15
1376,1150,"KL04AR3382","Hyundai","Venue",14-10-2025 16:11:44
1377,1151,"KL23F4011","Nissan","Sunny",14-10-2025 19:06:19
1378,1152,"KL23R0507","Ford","freestyle",14-10-2025 19:12:12
1380,1153,"KL23A0783","Maruti Suzuki","Alto",14-10-2025 19:17:46
1381,579,"HR51BE4004","Audi","Q3",14-10-2025 19:19:18
1386,1154,"KL23A783","Maruti Suzuki","Alto",14-10-2025 20:09:52
1388,1155,"KL04AE7427","Skoda","Rapid",17-10-2025 15:10:59
1389,1156,"KL10BJ8193","Toyota","Innova",18-10-2025 14:03:16
1390,1158,"KL23T5067","Tata","nexon",21-10-2025 15:18:36
1392,322,"KL614455","Toyota","Corolla Altis",22-10-2025 19:33:48
1393,1159,"KL56S2525","jeep","compass",22-10-2025 20:09:50
1394,579,"KL31P7653","Maruti Suzuki","Alto",22-10-2025 20:18:54
1395,1160,"KL29H7060","Maruti Suzuki","Swift",22-10-2025 20:43:52
1396,413,"KL23S2718","Honda","Wr-v",23-10-2025 14:53:48
1397,943,"KL52B2374","Toyota","Innova",23-10-2025 17:15:53
1398,1161,"KL23K2113","Hyundai","Eon",23-10-2025 19:04:07
1399,507,"KL32U6551","Mahindra","Xuv 500",24-10-2025 14:51:11
1400,988,"KL27A1226","Maruti Suzuki","Swift Dzire",24-10-2025 18:40:09
1401,1162,"KL07BY2628","Maruti Suzuki","Swift Dzire",25-10-2025 18:40:21
1402,1164,"KL26D3436","Hyundai","I20",27-10-2025 17:34:59
1403,1165,"KL07BG3776","Ford","Fiesta",28-10-2025 12:09:06
1404,1166,"KL01BX4291","Mahindra","Bolero",28-10-2025 12:51:15
1405,1167,"KL01BM9321","Ford","Ecosport",28-10-2025 17:31:01
1406,1168,"KL239003","Maruti Suzuki","800",28-10-2025 17:55:35
1407,1169,"KL10AU8072","Toyota","Innova",28-10-2025 18:46:35
1408,1171,"KL02X2574","Maruti Suzuki","Zen",30-10-2025 17:18:36
1410,73,"KL31H4733","Maruti Suzuki","Alto K10",30-10-2025 17:45:33
1411,1172,"KL22A7163","Maruti Suzuki","Swift Dzire",30-10-2025 18:57:55
1412,954,"KL39M8383","Mahindra","Xuv 500",30-10-2025 18:59:45
1413,1175,"KL29B5138","Maruti Suzuki","Swift",31-10-2025 12:41:44
